L-R,s1r2,s1r6,s2r1_HV203,s2r1_HV207,s2r7_a,s2r7_b,HV171A,HV191A_A,HV191A_B,HV205A,HV205B,HV220A_A,HV220A_B,s1r1_a,s1r1_b,s1r3,s1r5,s2r2_HV137,s2r2_HV184,s2r3,s2r8_HV185,HV137A,HV140A_A,HV140A_B,HV160C_A,HV160C_B,HV198B_A,HV198B_B,HV219AB_A,HV219AB_B,HV219AS_A,HV219AS_B,HV219AS_C
ANPEP-SELE,0.0,0.5251774443391195,0.0,0.08956544340367681,0.0,0.3718587928745011,0.0,0.49956199824799136,0.25580217464116706,0.0,0.0,0.0,0.0,0.0,0.20441631471830368,0.5617218129836751,0.07041138141350661,0.17472360065762627,0.3308260728951256,0.7011506609760721,0.34541984732824343,0.26516342848947017,1.0,0.7155486665791477,0.0,0.0,0.47227066778989407,0.6432008188096613,0.15855189184948845,0.5189824113528414,0.5556009193733755,0.0,0.9319679225619532
ANXA1-EGFR,0.41514959015342195,0.4907375673568039,0.811635078534705,0.5986131584126072,0.7823425513779785,0.30593414299996957,1.0,0.4619021922363245,0.7191222683035412,0.6597584974350039,0.934909981493009,0.5087731370793095,0.5182788046811363,0.15911478607534332,0.07384932319661082,0.19010991355790316,0.46641484450117254,0.19070989035040467,0.545108547349999,0.0,0.0795498352678902,0.4874872723687255,0.15663954329837326,0.04329642524855678,0.593662575674805,0.35902891331904213,0.1057408057822153,0.22224639438450555,0.6276682953432636,0.33601727615107635,0.08197395510567561,0.4047820903512787,0.13377794392951842
ANXA1-FPR1,0.0,0.0,0.0,0.0,0.0,0.0,0.0,0.0,0.0,0.0,0.0,0.0,0.0,0.0,0.0,0.0,0.0,0.0,0.0,0.0,0.15607721713045994,0.0,0.2970936920284313,0.0875679443360861,0.0,0.0,0.0,0.0,0.0,0.0,0.0,1.0,0.0
C3-CD19,0.0,0.0,0.0032743979027841314,0.12439000414061363,0.0,0.2484589922496233,0.0,0.011978732613653174,0.0,0.0,0.0,0.089914606586506,0.0,0.0768954243659352,0.10519723218344294,0.15136658714082166,0.16987102957017386,0.2092159100447732,0.5009785059194284,0.47814933881284427,0.375337315745478,0.15932081855426763,0.1475230401748434,0.11500823984792123,0.0,0.000622632317027714,0.5362699880464692,0.4155163456980741,0.05585930746409014,0.2110020931449493,0.49337853794905684,1.0,0.3668633557777748
C3-ITGB2,0.1577336549236844,0.0,0.21126747820430336,0.39625500568711275,0.06569279191192312,0.2984486771142362,0.0671721581665158,0.21737573373886324,0.2343814407926121,0.11089687421288688,0.09458469401518066,0.6355349018723802,0.1862909370539426,0.14083291744984955,0.12925365281178447,0.20701118936633095,0.2135155467132352,0.17540146580951751,0.5922675527688256,0.3165251210812555,1.0,0.14581145058543216,0.21269920348388863,0.3271935333046929,0.007702653416999466,0.12078498064575935,0.8629843534523154,0.558234885829438,0.25800636186450465,0.13459563575622152,0.44107247026878177,0.744225681846538,0.496636523458033
C3-VSIG4,0.0,0.0,0.2547775976949404,0.0,0.0,0.0,0.0,0.0,0.0,0.0,0.0,0.4503150183150201,0.32797854785478636,0.0,0.0,0.0,0.0,0.0,0.0,0.0,0.09940086580086582,0.0,0.0,0.0,0.0,0.0,0.0,0.0,0.1753010279001477,0.0,0.03362456976436338,1.0,0.0
CCL19-CCR7,0.04881465722309745,0.0,0.10623896713912538,0.3085579339116279,0.0,0.16737844143044814,0.017786972708013424,0.20045253941883356,0.31608952273676433,0.0,0.0,0.13907474333717532,0.0,0.05272098091406564,0.048354498650621004,0.15688384176945713,0.017927232130652514,0.04261600480672277,0.4828468577926512,0.13812485447014713,1.0,0.018285065693749172,0.004915079320802972,0.1553620918154141,0.0,0.02910393409348697,0.9061350483982229,0.46203477729421855,0.0,0.0,0.2573338168128529,0.0,0.4089273437695586
CCL5-ACKR1,0.06987649404794259,0.0,0.9504615395268958,0.7599194686784078,0.0,0.049587256078409366,0.0,0.06229544175708226,0.024213904226092146,0.14506560912663194,0.0,0.46380154377412275,0.8509779332228565,0.10159754334396806,0.2079328860481189,0.41466874502093054,0.09800267401566246,0.5922845588293497,0.23374003775794372,0.0558093030844339,0.5686166971358938,0.22447243272764977,0.3837934783907482,0.49369768113153173,0.0,0.02084501320333114,1.0,0.9964227762830454,0.7215581493460828,0.7346773884251018,0.049134673979281306,0.5703745371021435,0.3176501415352523
CCL5-SDC1,0.2582029336552672,0.0,0.22795722367815363,0.2340144876795547,0.14611284248798856,0.197161018621644,0.37749553788532636,0.2371478849589622,0.20876076699995716,0.28482194430638247,0.2188043221129907,0.23116316062849046,0.1697096868511855,0.2678109030912718,0.3046671777020991,0.33494390633294635,0.22093854839553653,0.27751582270475855,0.4363470748642266,0.4417350699201892,0.13639522196670828,0.33451284214863414,0.352483634669294,0.3157077671124011,0.2717828853395658,0.20047874848789343,0.5140276071940484,0.40597182281140853,0.2912933385274634,0.4497762982375376,0.5161005064277375,1.0,0.3691010125145706
CCN1-TLR2,0.05488775423520428,0.0891562625855816,0.22839026214125344,0.20034597838400517,0.0,0.15534269395525904,0.07950133257572656,0.13242528961470706,0.11142619598678703,0.074136870935887,0.02786370536724147,0.5955704206209448,0.002911681993688299,0.048218564202679864,0.003186888231277084,0.06200727935967674,0.026623214730918426,0.0,0.33841947763878305,0.0,0.5785902366410393,0.09903298715417813,0.27458914141077423,0.3515409328890998,0.0,0.08753798247712184,0.45320197044334826,0.5235846810356892,0.021475972921599387,0.0,0.35227006329608446,1.0,0.16904953685058366
CCN1-ITGB5,0.728513543475745,1.0,0.6383633104818598,0.9207981800986571,0.11880802287257825,0.646674703549512,0.6361944824940752,0.5462187877586288,0.21900266575671715,0.36032574241353943,0.3132306738972342,0.7668174745397711,0.0,0.33249100478991195,0.1419984114083404,0.11121421127495744,0.16150229875339503,0.406362575075595,0.7339514760218582,0.15933574336911863,0.5121877924281546,0.5552254996315975,0.41522156469848864,0.19853473551257808,0.36420675079635717,0.17945735302294197,0.3265181837133336,0.24024275913248166,0.7362724580590143,0.536715237999699,0.05774784197939984,0.7852782632435337,0.15651591845226764
CCN1-TLR4,0.0,0.0,0.0,0.0,0.0,0.0,0.0,0.0,0.0,0.0,0.0,0.4573175319789326,0.0,0.0,0.0,0.0,0.0,0.0,0.0,0.0,0.3133756235090009,0.0,0.10932460288589853,0.005880681818181993,0.0,0.0,0.20645867542419355,0.22931720565942434,0.0,0.1254600420609885,0.13666977611940334,1.0,0.0
CCN1-ITGB2,0.20901156543678173,0.0,0.20966464100466703,0.21742248244689535,0.035367449149640365,0.37858209550049027,0.09698873742485582,0.14838525218059706,0.14606038825175457,0.05258952030043135,0.07101179590023506,0.5366451130862998,0.14129567049821307,0.14599364680781762,0.16787034361907477,0.25122962481649697,0.2514593556901908,0.1225275049148321,0.4707900399054087,0.3077227973260267,0.8245005297061854,0.1415580628557545,0.23069443960877795,0.3986111899398261,0.037036354581561855,0.11757973430520584,0.6346352149231564,0.6026169877895575,0.11162190602829793,0.14638304304796107,0.49206723343356296,1.0,0.42747344812575067
CD274-PDCD1,,,,,,,,,,,,,,,,,,,,,,,,,,,,,,,,,
CD28-CD86,0.0,0.0,0.002584136879784837,0.13549218820587655,0.0,0.15742581084563093,0.08597662460165349,0.38905870001920334,0.1552731376605753,0.012430025497699294,0.0,0.7409290349727602,0.0810590106158937,0.0,0.0,0.05222444330807482,0.0,0.0,0.7781848019526049,0.2422529943952648,0.629165249806742,0.0,0.0,0.1778839678343898,0.0,0.0,1.0,0.6140868835480852,0.2065733810608526,0.0,0.19078807370745787,0.9045883501464345,0.3296032349303772
CD28-CD247,0.1965522244543585,0.0,0.30506736749373486,0.4366356748810155,0.04196595960000432,0.24046178050733416,0.16917495564813484,0.2527837484978475,0.34006614958468456,0.08077939364386931,0.06906755213998451,0.38399634747521205,0.1921881292172903,0.08420147450521699,0.10695618800772362,0.27423474495312056,0.14036208073791814,0.12899345827782616,0.5904307644354208,0.36937519932694807,0.9470064472294523,0.20467747851592366,0.10583439855303434,0.40926023634937436,0.0,0.09580662213659041,1.0,0.5117941812379307,0.20353982300884932,0.03146731803681308,0.28423155760736657,0.32014575741801116,0.4564071544482745
CD28-CD4,0.2669154183359679,0.0,0.2939213283110098,0.4018559122377455,0.10701986383005409,0.32468535171829704,0.1474268981949903,0.3645713478136783,0.4146360979014456,0.15053334816181765,0.16510539325621826,0.46638968349162646,0.2203384716711987,0.17992422521646667,0.16543682006916685,0.27315913872704023,0.21702200361161428,0.18563318220900543,0.5705762085003312,0.3342232743397394,0.9266086897790093,0.21173667339829036,0.16723940043311636,0.43237711061059203,0.0,0.192579101950979,1.0,0.5909848036805422,0.3264130543416039,0.185978818192005,0.3194055806084789,0.43807637444009256,0.4190678894673261
CD34-SELL,0.0,0.0,0.09300863715177247,0.06006039525971242,0.0,0.5226470413358774,0.0,0.01015795949428301,0.048023320227471814,0.0,0.0,0.39415683364431786,0.0,0.017741327992944814,0.02292630444205789,0.097768787584734,0.02031705879551121,0.0,0.9439633517193433,0.16108179613434268,0.8210454968441977,0.0,0.09094857892502649,0.28752768624673664,0.0,0.0,1.0,0.4732327910541734,0.04337655023893021,0.0,0.2669448277445321,0.919937945793732,0.4103295111734104
CD34-SELE,0.08164185201357856,0.5995416036709056,0.3203005790094849,0.15411588249104133,0.11640943016167145,0.59098034083196,0.16480584157749487,0.6238549461714288,0.5986565050053166,0.035742173615080176,0.0,0.1362531691707357,0.2714552982243613,0.21749129315566298,0.3290665941310457,0.7912296878673848,0.18627767078762977,0.28337079535631204,0.6126056954840217,0.6258635978195025,0.4535925284412088,0.3790624173479531,1.0,0.8166711484128041,0.17592987720940462,0.320042319522623,0.9813524313008295,0.5253374041391993,0.25693995467506897,0.5098430731908663,0.5695357579320262,0.6628306077124957,0.8064823979554134
CD86-CD28,0.02424194989982257,0.0,0.08218783322470503,0.12885647287712448,0.0,0.15764355724329082,0.059983869265528886,0.08983364475261048,0.14572863721908894,0.0033541182392189768,0.0009691202289546476,0.3577632951882461,0.13504430603009152,0.04626495701705271,0.01899806971906325,0.11743199523766569,0.05533334029313218,0.10523888698802808,0.45559892308457783,0.19158991148160426,0.5820216385335414,0.08488499236177222,0.04312889773637204,0.2132927862478821,0.0,0.015834732312384112,1.0,0.4103894619922949,0.0,0.004563366130726818,0.2710078212020693,0.0,0.49064525702834555
CD86-CTLA4,0.012510042067511749,0.0,0.03423282504125672,0.04825797911334342,0.0,0.2451103189131902,0.0,0.060937526566653286,0.09235105770372648,0.0,0.0,0.09454989241095807,0.0,0.0,0.0,0.1065669805130477,0.0,0.0008064912040740484,0.34465239691044053,0.25618633617817504,0.462281589609472,0.009107146827543855,0.0,0.15590157528554252,0.0,0.0,1.0,0.347549292397481,0.0,0.0,0.07007815555165128,0.0,0.24563477203671585
CFH-CFB,0.3888556078066029,0.0,0.2926700558889179,0.1811346319596943,0.08484550281393907,0.2522819190405505,0.13578088969163543,0.1434236458727133,0.3288264772126619,0.10200464147552397,0.15560908257730596,0.44725791453042063,0.17090587759310488,0.15472457627982247,0.209739301152549,0.34427438583013725,0.20901893880190459,0.04420103379488535,0.328996614305834,0.5693678712493072,0.37502414580582855,0.11609662057241307,0.39393799667017865,0.39697201326235776,0.08893154043444984,0.21146371440443373,0.34751351017366583,0.25019577529262926,0.12134265303263236,0.1424182416382342,0.3692138864328399,1.0,0.3419482798191943
CFH-SELL,0.0,0.0,0.043686715353554256,0.06565970098652095,0.0,0.35619329090849566,0.0,0.0,0.05184828140345341,0.0,0.0,0.27712140877384583,0.0,0.0,0.0,0.02504281620566693,0.03811486849955048,0.0,0.4721591798833565,0.11638849035621865,0.8756330710440074,0.0,0.02024672162539312,0.15969687827582013,0.0,0.0,1.0,0.3904440465379705,0.0,0.0,0.28112522580069976,0.7843075564004609,0.3304435926618865
COL16A1-ITGA1,0.17764767259868947,0.1191828331548918,0.4623205395228011,0.3511453900584531,0.13794655884291154,0.41256306438634294,0.0,0.2340067004689775,0.3318078469295673,0.0,0.004816653422824672,0.8561254917915312,0.25309984767683014,0.010563586999935688,0.1343863950781132,0.21872885159477717,0.28233470232718183,0.28535766066587864,0.7201857727024662,0.3604576752427491,0.5949455617123904,0.4441661740697824,0.6930612718103266,0.4747140356381519,0.22917398568467068,0.06539844582916743,1.0,0.9289449767536817,0.4093635388367051,0.42100372024031063,0.35714159596414674,0.0,0.4767163256236346
COL17A1-ITGA1,0.21566861773975665,0.01015873015873,0.279190593382554,0.28156647976702737,0.13790684624017932,0.23552532123960668,0.0,0.08575707417041067,0.31260191008618665,0.0,0.0,0.91460396039604,0.34392912975508066,0.02275392915787,0.04080820145317,0.26285300506879067,0.16241299303944332,0.3167728237791933,0.6652134423251587,0.26591062508437935,0.6029313790806127,0.4676766412086307,0.658322207387628,0.49940097686849133,0.155433287482806,0.13275412684622065,1.0,0.8958496476115867,0.251809523809524,0.4411195474170013,0.5313065508505247,0.5724258289703313,0.5725725725725727
COL5A2-SDC1,0.02336459865003987,0.1436293026415123,0.05189484303770445,0.1615092131752387,0.01925583248142197,0.08407262132185275,0.0829919664666903,0.07704951741889725,0.04044988009219422,0.1387716677446345,0.06837333696536531,0.12946866326006526,0.0,0.18350883140974344,0.1825431827952041,0.20216649743432036,0.13501307278507643,0.15442547577315205,0.30350951212446625,0.37255842341864065,0.07055383246631275,0.20056618526343878,0.2959938332905381,0.3007398582172368,0.2148284396564186,0.10246640881946342,0.49609883479941264,0.34611721431609727,0.25478213985649006,0.38856890954459106,0.47608213781513453,1.0,0.2211991308608177
COL5A2-CD93,0.10120933190708331,0.05262149291487581,0.3582721587149097,0.24242268445712856,0.06940640161470758,0.21168495867021023,0.0,0.1083645873174551,0.20941651258092622,0.026399958754056155,0.09198690925055031,0.558468844105057,0.3049276774675818,0.13781512497149911,0.20547328471761436,0.2120538591721372,0.26210832695536146,0.18199033178881543,0.27744288193417604,0.24510397787299257,0.45339306744794583,0.32056397561716327,0.47939958705272473,0.4014004061060309,0.14765428977700887,0.14167549698563092,0.5595198042359915,0.48836114032837874,0.2072609896206478,0.4803280847757555,0.31336692871066407,1.0,0.2816545200939603
COL5A2-ITGA1,0.11854912644589945,0.1691925606073434,0.4388652663899709,0.33972533650403236,0.17405338119499755,0.39074561911378586,0.0,0.21000623684415692,0.30082885354628125,0.0,0.07184084447863975,0.6200418767878726,0.2687496509744794,0.04206721092378787,0.24372644112020386,0.20412997331072252,0.23953915552431576,0.23388201697108915,0.593302518356091,0.3196459493754128,0.5171478224224296,0.43712288891998474,0.4641361879573495,0.43704168768597523,0.23370220614315124,0.16086465138229977,0.8130835201284622,0.7133029742249982,0.3194913135858018,0.47339198222946177,0.23041279733531062,1.0,0.3472104023245849
COL8A1-ITGA1,0.23334040085309196,0.279735213150232,0.3383669393429957,0.23948784977136428,0.12595207398703132,0.3017154551473692,0.0,0.3190287547635911,0.39207867224671106,0.0,0.0,0.6874296262113552,0.2391481506936742,0.05761027384154813,0.19084037604545978,0.2996372259405354,0.2443470235348413,0.3330264916062327,0.6870747988504469,0.3316970081159333,0.6750869688686979,0.38599247723416386,0.648521922774293,0.5521336451914245,0.07383147473714605,0.05890097742459455,0.8952963094568572,1.0,0.6155665400589249,0.45051482464236364,0.24189538115823744,0.0,0.5878964992202683
CSF3-CSF3R,0.01927794717569572,0.0,0.0,0.0,0.0,0.0,0.0,0.0,0.0,0.0,0.0,0.0,0.0,0.33270614970989415,0.040325812380743,0.43841935886545574,0.0,0.0,0.0,0.0,0.0,0.0,1.0,0.8119479613051666,0.0,0.0,0.3550937698499479,0.18883114584123628,0.0,0.0,0.10581639727276192,0.0,0.1532564365867184
CSF3-CSF2RA,0.7982644645013438,0.0,0.0,0.0,0.0,0.0,0.0,0.0,0.0,0.0,0.0,0.0,0.0,0.0,0.0,0.04619821013263666,0.0,0.0,0.22277595628415342,0.09656476720993631,0.0,0.0,0.09638261311585937,0.5197560328825254,0.0,0.0,0.6630236794171237,1.0,0.0,0.0,0.37431292779021613,0.0,0.4067040326386703
CXCL1-ACKR1,0.23152880870946682,0.0,0.8807131597216129,0.36584792809242256,0.0,0.0,0.0,0.0,0.3565600431202722,0.0,0.0,0.0,0.9570863220380911,0.0,0.0,0.13323852498483155,0.07908318905103413,1.0,0.0,0.2857067057188037,0.43810289389067525,0.22424415098109543,0.7513675725021989,0.0,0.0,0.0,0.9741628907856761,0.7701304979365615,0.0,0.9810340197281041,0.0,0.7975046691183552,0.0
CXCL10-ACKR1,0.0,0.0,0.0,0.0,0.0,0.0,0.0,0.0,0.0037820658792312853,0.0,0.0,0.0,0.0,0.0,0.0,0.18142097264437643,0.23904881101376663,0.0,0.0905818189657027,0.08830328247803944,0.1975958545427904,0.0,0.2003658175753822,0.4839904201606319,0.0,0.0,0.9755585498072857,1.0,0.0,0.0,0.0,0.0,0.23127486594014796
CXCL12-CXCR4,0.08856468764012783,0.019740634759823572,0.10881855794247512,0.10428676056942675,0.0,0.2888964653280077,0.018931030588114833,0.17935941196630928,0.11391959609230458,0.009424149087443712,0.00968002671673935,0.2093619190326623,0.0552174646166303,0.10242975609124141,0.13907248939433522,0.17311678497020908,0.26209022855881375,0.21965101963954842,0.5555609089482546,0.4136683019643578,0.3907210277227045,0.1798241420716825,0.28970875081934666,0.27589138392776824,0.0003426036293221487,0.04969700477857149,0.9094046453429668,0.5734955630398781,0.16657634014224512,0.2163846225886795,0.4683107547906231,1.0,0.3473397538575641
CXCL12-CD4,0.17798632610506507,0.043158393684301945,0.23569568022214202,0.2959251317053748,0.07447042534074705,0.4418080912877672,0.0,0.24797035610336968,0.25070811961932515,0.06844180669324144,0.09441048515950583,0.5667206558646666,0.15990826681207498,0.16808633288576696,0.1891062149740554,0.2038447292634954,0.2610216606768589,0.16813596571219824,0.6718855480808364,0.27812910140504415,0.8708929077192817,0.1543630477717496,0.18028935333213805,0.33902412593242953,0.056404952172120784,0.12682904686930768,1.0,0.5373559720844214,0.30104322021210894,0.20091481770699451,0.3456318639310166,0.6110519285360564,0.37755447552247373
CXCL14-CXCR4,0.16140369769954796,0.002753251882892826,0.07178419647576059,0.025508645872334722,0.0,0.40541145377214804,0.037443442351001756,0.07663295300605102,0.1359220914265473,0.03366609147699659,0.02170031995216134,0.18801615369751012,0.039704074983772174,0.06624257844643372,0.08625267188560337,0.11911173221323497,0.209511709709809,0.06330546668227081,0.4212337815109143,0.23394407149144014,0.5233794427674429,0.07692236074177755,0.16431248734330742,0.3062159517040936,0.011600151673902482,0.0097616101053263,1.0,0.443637888107774,0.03663261907043483,0.07106619236011835,0.39848822865805456,0.0,0.3153212244533649
CXCL2-ACKR1,0.0814386787955066,0.06862666985366349,0.3586845363044287,0.4124884124884117,0.04121212121212112,0.0,0.10303030303030276,0.222768222768222,0.2600490501725065,0.0,0.0,0.0,1.0,0.0,0.0,0.36010814892316556,0.16527328364983365,0.5887445887445873,0.0,0.15963934055743187,0.37671043155503753,0.1063820667781063,0.4454440315052764,0.0,0.0423050003888328,0.0,0.6770211071286332,0.48012012587658237,0.0,0.6356191579121473,0.0,0.269140383426097,0.1229246943532656
CXCL6-ACKR1,0.0,0.0,0.0,0.0,0.0,0.0,0.0,0.0,0.0,0.0,0.0,0.0,0.0,0.0,0.0,0.0,0.0,0.0,0.0,0.0,0.0,0.09275188869773361,0.43231464836302197,0.0,0.0,0.0,0.8839936168736552,0.17020421827921015,0.0,1.0,0.0,0.0,0.0
CXCL9-ACKR1,0.0,0.0,0.4833303682618752,0.0,0.0,0.0,0.0,0.0,0.20700891075940933,0.7919051886533616,0.0,0.0,0.6415492821297795,0.0,0.0,0.47548748255510254,0.10418321675611782,0.0,0.0,0.2777014562154099,0.7424722970306358,0.21229615133724702,0.22946959714956236,0.6964487512157097,0.0,0.0,0.8037372715512963,1.0,0.0,0.0,0.0,0.0,0.5022182786157942
EDN1-EDNRB,1.0,0.1760191289617698,0.53943670188129,0.9503107742213263,0.5541796703102143,0.0,0.009035373924272259,0.21966543034868372,0.3796425787204974,0.0,0.006934788445124705,0.17740491365423372,0.39709315727140493,0.12106399909059838,0.14484836529236872,0.12717094012624225,0.9884675969704917,0.0,0.5239435020696419,0.0,0.854365936439368,0.0,0.600233272802128,0.11340536178549067,0.29638637312376276,0.03637039428461795,0.48126897442579014,0.4204954546953526,0.3393175750908861,0.4417697037198686,0.4860000155569774,0.0,0.5722961433540177
EDN1-ADGRL4,0.3318420325876823,0.09318932428813717,0.6915896199026306,0.2410821012897129,0.39199614271938354,0.37620471917580706,0.1682131608070146,0.09673487715696966,0.42499129829446586,0.24190969733722825,0.26336898395721886,0.7123782028148682,0.9218900675024118,0.26068111455108467,0.35486981677917173,0.4597873047524094,0.41914741605144,0.6176470588235294,0.26438587304357886,0.4924291089290635,0.6765906362545012,0.9146110056926,0.5339646694591154,0.3583221230280047,0.39984621299500234,0.3727761374820188,1.0,0.877673470559527,0.39641943734015295,0.9111047345767576,0.6050420168067223,0.0,0.3793908204176894
EDN1-EGFR,0.6102597896782194,0.8678553846885326,0.5544609145125474,0.7206815167794296,0.7005671025862158,0.35769262782986555,1.0,0.870320636059621,0.717784980468324,0.7057088857923235,0.8016061179511703,0.5001874118129084,0.4094965055143453,0.41351263779114017,0.3016105134202232,0.3111163403320936,0.582723329983149,0.3783850295570018,0.6424780226072595,0.26170856540031545,0.31361817940779624,0.5159988424968018,0.4912691693244183,0.34833643202003906,0.6870481786453527,0.4487934629317889,0.2571769749875832,0.30403366159831774,0.7552963344464587,0.5648941618953821,0.3073103142670896,0.0,0.530652303873098
HLA-DMB-CD4,0.20845040907657908,0.006501031630117628,0.21569755814223607,0.2661087962032798,0.053057883341505276,0.3311504554393178,0.0054257136208796415,0.29188514126342574,0.2823739241176043,0.1092263695630198,0.114733939588179,0.5125436415991153,0.15225335423944383,0.13974939831361088,0.1197392478132019,0.18145760998887286,0.20856461097035306,0.1169813020220411,0.5489264479971717,0.24662404172426125,0.8805531224501665,0.10287490421559298,0.1307704845952899,0.3954884536410397,0.0,0.09185338051756209,1.0,0.6140650812089247,0.22612056233602668,0.11027845736193687,0.32143853054421695,0.43611463776082954,0.41941894838461985
HLA-DQA2-LAG3,0.566439100767139,0.5234802066438411,0.6073485635596029,0.11496830285327227,0.0,0.0,0.0,0.4482992529499425,0.49753927546382204,0.09524445180929939,0.0,0.51063005258614,0.0,0.0,0.0,0.2755206636255027,0.0,0.0,0.6289405575391955,0.22176053413760002,0.5001379580071912,0.0,0.0,0.47526738393721757,0.0,0.0,1.0,0.5415196572580656,0.005462136810798238,0.002492431360267213,0.1348387979227061,0.5437481332138601,0.5775577776130947
HLA-DQA2-CD4,0.2210799907627476,0.0,0.21368428706563944,0.27453369968289904,0.045882878326486694,0.33641324615930823,0.0105262067692116,0.27582204675231276,0.3491512240279914,0.1123155126575075,0.12432369426041874,0.5269333400877065,0.17596242617928975,0.1152513196789794,0.11053895918629919,0.17571432390577285,0.22624769939319336,0.15356714458265153,0.5713096431996912,0.23918115878828003,0.892978417614981,0.14235405805808554,0.10414798389752745,0.3492949863771424,0.023996370777869792,0.10224251082593248,1.0,0.6109979929545977,0.2783493408957269,0.12324827739560815,0.25467105850964666,0.4409595425213072,0.40879247848104416
HLA-DQB2-LAG3,0.7816468747868089,0.6363635175560252,0.874763412034497,0.08404827069530788,0.0,0.0,0.0,0.6368991710506544,0.48831849031308394,0.06821588175102948,0.0,0.3835456640086173,0.0,0.0,0.0,0.31119232294717714,0.0,0.0,0.6089326263195067,0.17398073428620622,0.408159230355431,0.0,0.0,0.5225261479027622,0.0,0.0,1.0,0.550828523539801,0.0,0.0,0.17112113949807847,0.0,0.552967213928742
HLA-DRB5-LAG3,0.5078763687251697,0.6310172191681537,0.5083406041281049,0.0,0.0,0.0,0.0,0.4207998844720393,0.33354973062032706,0.0058106028579011145,0.0,0.2906120619435961,0.0,0.0,0.0,0.25124523721581515,0.0,0.0,0.7225893886436876,0.14129826654803535,0.47653108182739723,0.0,0.0,0.6060310334732137,0.0,0.0,1.0,0.5050190140524108,0.0,0.0,0.234861141116631,0.4956363534971919,0.5398882495966659
HLA-DRB5-CD4,0.18953147906414639,0.0,0.22053882622637552,0.2550601600421105,0.04591513859622822,0.3376699917144084,0.013832669501370694,0.24436099178909734,0.2798186706939719,0.10090658250545488,0.12166242886608643,0.4146168639483676,0.13957742193975775,0.1146358052404091,0.11071397982890273,0.14889618278975184,0.22571747691442776,0.11877253661458627,0.46463167023462626,0.1944100165757878,0.8894065674239514,0.10870544239477731,0.1474788833747457,0.3876863046428731,0.005967106488939631,0.08705017397116287,1.0,0.6042043087612682,0.19281352856898115,0.11525495064890522,0.3122841981070305,0.44213387595388576,0.3749606000670773
ICAM1-EGFR,0.38720375662012985,0.8182375911764695,0.3088831951748217,0.6031009022487075,0.35407001037911034,0.545744450553847,0.9847827283862876,0.6519575613140973,0.6974976153374128,1.0,0.9343158674607674,0.573745481184937,0.27136264113359354,0.11529395855592699,0.07413160810278344,0.19160206769310104,0.1777477529103891,0.24638812399780935,0.5435432447274232,0.0,0.2158424406662696,0.4645289302802942,0.21849288732812294,0.3061415536869521,0.6887923222986382,0.5214796890225439,0.04547054816036515,0.12852472235643364,0.6880510452962455,0.2692552752449539,0.10451550961851173,0.20701783849851332,0.007653205834664113
ICAM1-IL2RA,0.0,0.0,0.0,0.0,0.0,0.0,0.0,0.0,0.0,0.0,0.0,0.4399203800250151,0.0,0.0,0.0,0.0,0.0,0.0,0.6651911282294517,0.19587303913250123,0.6061080991735532,0.0,0.0,0.20749699921290815,0.0,0.0,1.0,0.45345832352567883,0.0,0.0,0.12467049803697526,0.6224599780384885,0.48611515721665294
ICAM1-ITGB2,0.26362298776476334,0.0,0.29387161746583096,0.2713431673392257,0.0790030059976037,0.34117687334176194,0.048395877929279414,0.16195126022482417,0.27736511784041573,0.10968360239153159,0.0871722420133138,0.7150689119692634,0.22537708946711915,0.17447456103500508,0.17362124622943917,0.27589318018609726,0.27207456089263676,0.19614454421986385,0.6907484126716373,0.3141133424065663,1.0,0.17185009090863632,0.23642387609289373,0.4350863455439814,0.04053821350965622,0.16499623985714426,0.9670114687437295,0.6737537324858414,0.24197212730155346,0.1964914359261564,0.4731176296741038,0.8258568861791125,0.6320501971592457
IGF1-ITGB4,0.3375602441218675,0.6120647177342327,0.35293424951612024,0.8783787861850858,0.15511225808416232,0.6346230718224909,0.576084399396365,0.5003037591792073,0.5417846444883732,0.5532777569722088,0.2879146185047003,1.0,0.1778509843200905,0.18525817239557285,0.16581483516211962,0.4314373398698963,0.2051537819342861,0.2858015933282709,0.3687880927816045,0.16692158206252378,0.2978140578273092,0.25613892184970766,0.28363030609843326,0.5275660752660074,0.9818930154226033,0.3415067426694909,0.14094058785970842,0.3732836076064545,0.5094265328102439,0.6086770983341734,0.061047761625964786,0.22238132468726257,0.0
IL1A-IL1R2,0.196980748519471,0.0,1.0,0.5390108831444874,0.2236604243817676,0.0,0.28391207404654617,0.0,0.7254992189297492,0.43315787943117917,0.3558692325366643,0.0,0.992666695853947,0.0,0.0,0.0,0.1586332494290613,0.0,0.0,0.0,0.0,0.0,0.0,0.0,0.6610234126466424,0.0,0.0,0.0,0.0,0.0,0.0,0.0,0.0
IL1RN-IL1R2,0.3726410304465259,0.0,1.0,0.3853965196846968,0.38429626790880134,0.0,0.3624126584059922,0.031654769783492395,0.6952638164044229,0.6035806963267839,0.5050158955274212,0.2083044461940707,0.6719661189783728,0.0,0.0,0.0,0.24825660959148768,0.0,0.03219372374795074,0.0,0.022534887976032925,0.0,0.0,0.0,0.8867107819004301,0.08506996621554441,0.0,0.0,0.0,0.0,0.0,0.0,0.1203946742185599
IL23A-IL23R,,,,,,,,,,,,,,,,,,,,,,,,,,,,,,,,,
IL23A-LILRB2,0.11209191537060399,0.0,0.2690205968894487,0.0,0.0,0.0,0.0,0.0,0.0,0.0,0.11640314288485791,0.0,0.0,0.0,0.0,0.25241786130735944,0.2578114053523894,0.12970635921455598,0.44496487119437883,0.31593166182746635,1.0,0.11572961526564984,0.2753061248541559,0.31243847803299873,0.0,0.0,0.5435117083089472,0.5534973460846588,0.0,0.45347283782602776,0.36889305024111174,0.0,0.3429273542766608
IL33-IL1RL1,0.0,0.0,0.0,0.0,0.0,0.0,0.0,0.0,0.0,0.0,0.0,0.0,0.0,0.0,0.0,0.0,0.0,0.0,0.0,0.0,0.0,0.0,0.0,0.0,0.0,0.0,0.0,1.0,0.0,0.0,0.0,0.0,0.0
ITGB2-ICAM1,0.12089212211623634,0.03913211955974557,0.1134907509354372,0.1495025457573871,0.030370144979441797,0.21537611919294594,0.06672420031838426,0.16988857703660876,0.18884323486232518,0.0928987120901077,0.05980800252915739,0.28254735661805536,0.136760898894429,0.1123028889643644,0.11377125741485539,0.2780757275371969,0.13930615571134805,0.1538690549008751,0.3632161454326775,0.48126093977470935,0.4912499065950026,0.1900783464240374,0.33809440954379416,0.3096726510903083,0.0,0.04504304162356662,0.5783581005139445,0.43298677859056744,0.14552396502614937,0.2137309689129938,0.45023750770647475,1.0,0.4285870827452063
ITGB2-THY1,0.105294301918346,0.03341233939114433,0.2270655832281684,0.3450816075162158,0.08857658068908306,0.33112326818554705,0.00047827208007438844,0.2164863292693077,0.29010178963896094,0.0,0.12566557922748667,0.4092258138261498,0.11689832418110394,0.2187379554135277,0.16958020266265164,0.15480244382928832,0.2741618115950343,0.12145953897788203,0.34812744800787365,0.2412101838488634,1.0,0.17501929358289697,0.3607603745854189,0.19142392604962163,0.0699732226205705,0.13055197018650652,0.4836005850811604,0.3538718583501704,0.3169181905637528,0.12235639028573285,0.21654769617065628,0.7325215457958131,0.2825594005377474
LAMC2-ITGB4,0.5367143457854583,0.6682720022051629,1.0,0.8007342580298865,0.7452236658950715,0.6774077108267337,0.9411931841589207,0.5956689292080659,0.7337462369257803,0.8038773989083297,0.7610907985065603,0.6325537881648668,0.5420348279374971,0.4637320664300785,0.4623498089753509,0.5921725660800204,0.877425397928556,0.5600461636123166,0.7558154328787395,0.5955430041798463,0.4789547219945048,0.7729583700673416,0.570952280929826,0.5019671246312865,0.7026524993830296,0.6305297516426124,0.6425149594867523,0.6589784375213944,0.7182064840225203,0.6922946219367004,0.4093114789666754,0.0,0.5499382339765617
LPL-SDC1,0.12488873174992739,0.0,0.0,0.0,0.13779615163900855,0.0,0.2823683152392442,0.0,0.0,0.0,0.1782928984731299,0.0,0.17945395263289904,0.0,0.0,0.43864763436536625,0.40814475271411377,0.0,0.0,0.7488800919712101,0.0,0.4621783273019696,0.5903096099718552,0.577750202693351,0.0,0.0,0.9085929184701631,0.7125169931261601,0.0,1.0,0.0,0.0,0.4445722800579831
MMRN2-CD93,0.3175509449049224,0.0,0.8370794885765301,0.3407763294057807,0.32987080812581243,0.298825922568377,0.12881580605354373,0.061947478560650776,0.5694846174785408,0.12105800884510866,0.2034887396028889,0.6511105706276731,0.6807216927941264,0.24664881700116337,0.27770216999586184,0.3975598206968666,0.5134984860701616,0.43638424654457125,0.3444564429129541,0.2645041359799276,0.8131566307384933,0.7581685618675101,0.7220209760728175,0.5099171847818573,0.1258215854846737,0.21132656746338893,0.9067081018847959,0.7803434240564484,0.21586967059804096,0.760494172036597,0.5440536080118248,1.0,0.5335669402215872
MMRN2-CLEC14A,0.35419161329473114,0.0,0.7593665973328387,0.20314951629973915,0.33531360497059176,0.33446149152731786,0.059273339248566405,0.06595012247411224,0.6576203789159306,0.10466337608683919,0.2047892711647379,0.47348848846002856,0.635747468257261,0.0884458398355779,0.17033288145126935,0.39990796169327775,0.6123243767323623,0.44629683425724037,0.12953775357163244,0.33197792284629707,0.6811382540293988,0.9485616111458925,0.637987576950735,0.1269834444173996,0.20204265175670377,0.10374418537438602,0.9158431904006851,0.694064943411698,0.16434684581067782,1.0,0.22715033648694863,0.7221429696705961,0.253368384886118
PECAM1-PECAM1,0.08093105258944633,0.0,0.15437525253265222,0.12760329136263754,0.09234594011558679,0.07719720756795377,0.027646981555538196,0.02574856860210888,0.10636001823359884,0.05322129069414071,0.0555259446504379,0.18895564329300804,0.178947044273655,0.14975669381886,0.17898339487907577,0.28397359192530935,0.2625015548253051,0.26713088867476303,0.37270052002922316,0.40913182627264316,0.23852187308904998,0.36259165225284046,0.3559838661005373,0.285608380522809,0.040544386035001906,0.10277183062258316,0.5945513763098919,0.47454001754061137,0.24893322380773955,0.5827154412034573,0.5575531613288197,1.0,0.425599563958271
POSTN-ITGB5,0.5448242257512801,0.42783225819435106,0.28514114785028466,0.6978103092475604,0.3637198270607742,0.616122673160957,0.7079497911851272,0.28846693762607806,0.10000950281180239,1.0,0.8022861908595238,0.7342819745314645,0.15131913842548256,0.2571755003148506,0.16329177909244394,0.14962932617381822,0.266746440160987,0.2290874828874623,0.5825122001166373,0.17237952651284713,0.5691837023090465,0.2949113987041957,0.40502317900532914,0.2649920401427827,0.5769425236647339,0.15451292204380315,0.2653798850940097,0.1726832837102923,0.5318439726121853,0.32736785033072296,0.025953416944864287,0.5662295848765138,0.0
PRG4-TLR2,0.5086419753086485,0.0,0.0,0.0,0.0,0.0,0.0,0.0,0.0,0.0,0.0,0.0,0.0,0.0,0.0,1.0,0.0,0.0,0.0,0.0,0.0,0.0,0.0,0.0,0.0,0.0,0.0,0.0,0.0,0.0,0.0,0.0,0.0
PRG4-TLR4,,,,,,,,,,,,,,,,,,,,,,,,,,,,,,,,,
PTN-SDC1,0.37258863365458555,0.2661248309000322,0.5293403526218974,0.3816282309324321,0.42407846312829783,0.0,0.5577828735584758,0.2673716798937033,0.3103083525612316,0.35146437086651977,0.3695304720911611,0.38261534202215686,0.17883269522958167,0.3227051980487971,0.2436868195040942,0.20576490197174413,0.3895175775971485,0.19900919950584434,0.5044575644862265,0.22982728835263644,0.1411006190138157,0.3138378019939825,0.20541791776847135,0.049472000932159664,0.3531278570531411,0.15722230932261724,0.42751998384797096,0.23324695039338758,0.35948608134654125,0.43762982671376965,0.6086740158311729,1.0,0.28506994852056117
PTPRC-MRC1,0.0,0.0,0.23533576051779928,0.1628535581600605,0.009145354803062625,0.0,0.0,0.0,0.0,0.0,0.0,0.747091902566444,0.14310632784940513,0.0,0.0,0.008343323369586611,0.23112968559120423,0.07204514213279414,0.3733716581260268,0.06660185636245014,0.6160358850989496,0.10137301063637179,0.0,0.0,0.0,0.0,0.5637644076713365,0.376736943077815,0.48200240523885546,0.27339745522523023,0.22031991116468952,1.0,0.15884925019946167
PTPRC-CD247,0.21937724943794237,0.0,0.29194258578925353,0.38995133873209054,0.03712843554711879,0.28142409217251924,0.1498811909060869,0.22330084269095288,0.3639550468775227,0.07956678012371182,0.0672059112572757,0.47325885580340943,0.20612413343420077,0.07636303361044529,0.09230417707961451,0.237075014696794,0.14931620920626787,0.13016047227122754,0.6479531192102622,0.2936482004701027,1.0,0.15286595187670785,0.06655751713761099,0.35618921868860853,0.015117142136434657,0.09755572758056993,0.9154597954047218,0.4742950592312496,0.21696074703364152,0.016191064108733264,0.27813527689007767,0.3360559814245713,0.4965042434245929
PTPRC-CD4,0.2515797368692554,0.0,0.27821828164678847,0.35401787891131886,0.06332004839478847,0.3465462816487915,0.07596038532959516,0.3394966640854787,0.40454481711540236,0.13104564447599554,0.14645240942584006,0.5558805385899885,0.1988794957729625,0.11436863724621142,0.11812634512759679,0.19261305305568732,0.20729627968301897,0.13028390344327737,0.5922258855618131,0.23641408337845854,1.0,0.13068183762079505,0.10477726602879582,0.3525428253949464,0.012328954360768224,0.14358788605693398,0.949137369451082,0.5597033340020489,0.29334275501315976,0.1528144349967247,0.2757243480854709,0.4505226924327624,0.42150670792538364
S100A12-TLR4,0.0,0.0,0.0,0.0,0.0,0.0,0.0,0.0,0.0,0.0,0.0,0.0,0.0,0.0,0.0,0.0,0.0,0.0,0.0,0.0,0.0,0.0,0.0,0.0,0.0,0.0,0.0,0.0,0.0,0.0,1.0,0.0,0.0
SAA1-FPR1,0.0,0.0,0.0,0.0,0.0,0.0,0.0,0.0,0.0,0.0,0.0,0.0,0.0,0.0,0.0,0.0,0.0,0.0,0.1702876782675529,0.0,0.06290599956832645,0.0,1.0,0.3296335447847717,0.0,0.0,0.08782645324347084,0.0,0.0,0.0,0.0,0.0,0.0
SAA1-TLR2,0.3289036893856632,0.0,0.7271079930841865,0.0,0.0,0.26222095383054345,0.0,0.0,0.0,0.15637877269183664,0.0,0.0,0.0,0.0,0.044101890506198636,0.20221595487510086,0.0,0.5646087011669215,0.20272107915370513,0.007904873144032097,0.2908694667723317,0.789261252446186,0.41219079530896047,0.34747896178124194,0.0,0.529165339280025,0.6811032289628174,1.0,0.0,0.0,0.2535009150906777,0.0,0.13300513698630162
SLAMF7-SLAMF7,0.060131898936850545,0.0,0.153418909277491,0.12131811736463775,0.1036361207252434,0.013406741104166668,0.00868273450334509,0.005036467799755978,0.0494857748746785,0.06021102355662859,0.06335298093479447,0.10729187455163268,0.1093001772065531,0.19667953422223192,0.2323463799625182,0.34808327939492334,0.3240047776512948,0.38218790429778027,0.45955680316224357,0.5033710034096307,0.2345175127660331,0.4557095203217041,0.4635687104902749,0.3206893605994003,0.02445888241292864,0.11341380983857961,0.617464149586363,0.49296468202196336,0.26727193300130203,0.5650224556642391,0.5714297270409796,1.0,0.44115460960589675
SLPI-CD4,0.32214560269317666,0.0,0.09936653831822131,0.1589854643886573,0.046326947395707446,0.5480433698683835,0.0017613688475745955,0.07891685073395986,0.2801514563182231,0.037597372030024286,0.018199392110798143,0.2998464917716474,0.0632600099662828,0.27878781261465063,0.2538506769147642,0.17060680064707867,0.37480162747491064,0.06910569495493254,0.4248754632215164,0.1945874724779389,1.0,0.06456481628811273,0.1973311819737784,0.4667621838800486,0.0,0.010842406774842779,0.8502392211466635,0.5173129376009019,0.0,0.09160196514009473,0.6061243947352833,0.794243795256845,0.30753964566521547
THBS2-SDC1,0.12542618895869395,0.34917492609980927,0.2151249831299287,0.3122267176144457,0.11338899008297945,0.34438295165394445,0.14530600875590258,0.2490244268077605,0.19979328785789352,0.3428554862321727,0.17317080602922905,0.40810133988648867,0.1437021348803855,0.46320531705948254,0.45509156022612424,0.4342830990252385,0.24738677206383072,0.30559102542702976,0.5512268790529682,0.7986784485087706,0.26435099643963605,0.3581792669361413,0.6526469894590048,0.6797877483603403,0.48642066276803153,0.33172725602586745,1.0,0.7237771736661861,0.5765028789293497,0.7412622432638779,0.833606887589346,0.0,0.4310717492384166
THY1-ITGB2,0.13876181271990456,0.015855534601436586,0.2442969356408424,0.28369264138765565,0.04047697327988479,0.44367981185616745,0.0,0.15790857058236585,0.17516581321686692,0.06608786951711841,0.07212848036477353,0.5889825878543745,0.17153458682589415,0.18339906316760654,0.1866016755223739,0.2654527746491963,0.24307412929948713,0.17240938661519656,0.833354261004761,0.38713547397224346,0.9821168768680675,0.1635636578166599,0.27225791378024106,0.5187408244355882,0.05411852787409753,0.14923821214152155,1.0,0.6724463249903049,0.23671635832442398,0.16354348550918235,0.5541273222396239,0.9895600660931294,0.6389116573925109
TNC-SDC1,0.5704106936589495,0.8315801136872786,0.659974218927308,0.6221093187239785,0.47845006063115647,0.5287945737580451,0.7134035149907751,0.6927434002968862,0.5829177259022498,0.9161197264277257,0.804417270056513,0.9081869085379206,0.6965604181146656,0.6552508245465212,0.5810788340874289,0.6194322893913803,0.6018869054542999,0.7712352058693175,0.7782789028077409,0.7593809826197816,0.5539505367452268,0.8866246368003089,0.69972084742756,0.7252074639974362,0.9020258857242384,0.7693711527308476,0.9109183978820743,0.7760408177317432,0.8494646473318893,1.0,0.8903174623396236,0.0,0.5829575596338613
TNC-EGFR,0.46014316223425716,0.7694641777873399,0.5294155505714772,0.47808615846405733,0.4963173511441755,0.45724100912506754,0.6901004891389311,0.6186598139435303,0.6216028189619691,1.0,0.913917100909251,0.6874545090329313,0.8882671129124714,0.29758022642997034,0.2561722409684246,0.3431415388392169,0.46236622192899024,0.5381589316177152,0.6222858519739131,0.2784534258880473,0.34826067139509703,0.822646631488247,0.33656784258367406,0.2362171931311022,0.7804644514598414,0.6660977567439782,0.3012290484785512,0.3497337412891535,0.8250030848519319,0.6542674699808638,0.30129755142654746,0.0,0.4003140626610626
VCAN-EGFR,0.2590427841326221,0.9027819500278366,0.30667386416838865,0.6670740009554195,0.19181812297100262,0.507757017993555,0.326985685082896,0.5748057345744365,0.3289733895445731,0.7444692447113199,0.3260033240073528,0.7718762927555886,0.11802663715702462,0.22187535684738327,0.13537428247180672,0.13403025335182228,0.22949029750516353,0.1660126873808856,0.6178766010150714,0.0,0.24605004059046742,0.29068491689780396,0.35906227003788743,0.3670090163973981,1.0,0.1759624798652814,0.14282393046568206,0.21095638417287413,0.6603462122713252,0.32084152466332455,0.30716525134558637,0.4920101934718298,0.06550284948809913
VCAN-SELL,0.0,0.0,0.06519371968684404,0.10938909632582533,0.0,0.42255579217091743,0.0,0.04957148368772884,0.02252467527510662,0.0,0.0,0.3288437620437869,0.0,0.018538287506550514,0.04752475753916976,0.07477308602285314,0.017807345711494553,0.0,0.8315872864050611,0.22343944404077076,0.7930056104334998,0.0,0.05999559591827508,0.16836934670775403,0.0,0.0,1.0,0.33577960836692056,0.008396339405384807,0.0,0.2962851397942923,0.706326859333445,0.36173916181076093
VCAN-TLR2,0.0,0.08998362445414844,0.2374475995016493,0.24202027938453075,0.0,0.1774153837988614,0.0,0.11725102908919013,0.01329565957406328,0.0,0.0,0.9109096707717999,0.09823231920040248,0.0,0.0,0.0,0.015647805680568123,0.0,0.5932675884540756,0.0,0.8497048708337459,0.0,0.2644669434317534,0.42474933225929523,0.0,0.0,0.635745624456441,0.44056048104543594,0.12077742833223969,0.0,0.33052270742358075,1.0,0.1831483083138781
