s1r6,s2r1_HV203,s2r1_HV207,s2r7_a,s2r7_b,s2r9_a,s2r9_b,HV171A,HV191A_A,HV191A_B,HV205A,HV205B,HV220A_A,HV220A_B,s1r1_a,s1r1_b,s1r3,s1r5,s2r2_HV137,s2r2_HV184,s2r3,s2r4_a,s2r4_b,s2r5,s2r8_HV185,s2r8_HV188_a,s2r8_HV188_b,s2r8_HV211,HV137A,HV140A_A,HV140A_B,HV140A_C,HV140A_D,HV160C_A,HV160C_B,HV192A_A,HV192A_B,HV192A_C,HV198B_A,HV198B_B,HV219AB_A,HV219AB_B,HV219AS_A,HV219AS_B,HV219AS_C
0.9691119691119692,-0.6422412376417763,-0.4104808452658449,-0.6422412376417763,0.31998410809348427,-0.6422412376417763,-0.6422412376417763,-0.6422412376417763,0.650430135716337,0.019674900016956858,-0.6422412376417763,-0.6422412376417763,-0.6422412376417763,-0.6422412376417763,-0.6422412376417763,-0.11329163937281722,0.8112754629507181,-0.46004407806788805,-0.19012478840768696,0.21380745199397952,1.1720628748278723,-0.6422412376417763,-0.6422412376417763,-0.6422412376417763,0.25157044138288054,-0.6422412376417763,-0.6422412376417763,-0.6422412376417763,0.04389816942271489,1.945368264064965,1.2093192909320263,-0.6422412376417763,-0.6422412376417763,-0.6422412376417763,-0.6422412376417763,-0.5115952042960368,4.5420540218367425,-0.6422412376417763,0.5798108297087451,1.022111312615669,-0.23197085577845947,0.7006825811935166,0.7954369804857686,-0.6422412376417763,1.7693278140654327
9.824334600760457,0.8273417778847362,0.2935227597041019,0.7539366180877043,-0.43991173642708925,4.35429636744056,0.9408737045765893,1.2993719679170275,-0.04906599218077372,0.5955107179711683,0.446748985552351,1.1362606329293197,0.06838953419387478,0.09221011633609065,-0.8078314552921442,-1.0215011361050583,-0.7301596902848627,-0.03775758035146176,-0.7286561876306725,0.15944369906466851,-1.2065627165260961,0.09188416681930463,0.942681566747672,0.014166049158509641,-1.007216025186552,-1.636527873023471,-0.722774022608615,0.25700001085146673,0.015048547527265393,-0.8140342520193705,-1.098064702783338,0.40653488079420774,0.5514126387488371,0.28111692271323213,-0.3068597099219841,-0.08320818338482665,-0.9006500705880297,1.7171034386426653,-0.9415831637554791,-0.6496277683455387,0.3663330350998705,-0.36452536964701,-1.0011413392057988,-0.19220523667343553,-0.8713239268196287
0.0,-0.2659435508634639,-0.2659435508634639,-0.2659435508634639,-0.2659435508634639,-0.2659435508634639,-0.2659435508634639,-0.2659435508634639,-0.2659435508634639,-0.2659435508634639,-0.2659435508634639,-0.2659435508634639,-0.2659435508634639,-0.2659435508634639,-0.2659435508634639,-0.2659435508634639,-0.2659435508634639,-0.2659435508634639,-0.2659435508634639,-0.2659435508634639,-0.2659435508634639,-0.2659435508634639,-0.2659435508634639,-0.2659435508634639,0.6889970743210972,-0.2659435508634639,-0.2659435508634639,-0.2659435508634639,-0.2659435508634639,1.5517902684605838,0.26983091416004,-0.2659435508634639,-0.2659435508634639,-0.2659435508634639,-0.2659435508634639,-0.2659435508634639,2.0087380020075853,-0.2659435508634639,-0.2659435508634639,-0.2659435508634639,-0.2659435508634639,-0.2659435508634639,-0.2659435508634639,5.852442224725785,-0.2659435508634639
0.0,-0.7281110240873833,-0.14363086965838986,-0.7439126259728012,0.4551017262665856,-0.7439126259728012,0.011742356278660878,-0.7439126259728012,-0.6861056124476951,-0.7439126259728012,-0.7439126259728012,-0.7439126259728012,-0.31000237463899344,-0.7439126259728012,-0.37283039384467653,-0.2362514217565192,-0.013447172546998256,0.07585163629099839,0.2657223105179634,1.6737113582593484,1.5635422765826248,-0.7439126259728012,-0.7439126259728012,-0.7387629537305759,1.0673916236141514,-0.5366845332305343,-0.7439126259728012,0.485560535541658,0.024938387739638364,-0.03199537615189608,-0.18890542355726322,-0.7439126259728012,-0.7439126259728012,-0.7439126259728012,-0.740907924563024,-0.7439126259728012,0.6120333326968662,-0.7439126259728012,1.8440211272839653,1.2612877395728688,-0.4743465670059884,0.27434207973399194,1.6370354038472048,4.0818911872969155,1.0264979552885152
0.3362068965517241,-0.3168247673799427,0.43590723749994453,-0.9091821385157196,0.03792389884786188,-1.2532626778553542,2.4603515782956618,-0.9031624552326144,-0.2919696893246128,-0.22277183507382664,-0.7252423888354506,-0.7916182157426043,1.409560101743583,-0.41845671062986495,-0.6034297555700864,-0.6505468947883253,-0.33414401519059744,-0.30767716084202124,-0.4627670143213371,1.2335011053359375,0.1114786843706733,-0.8372964185092739,-0.07530172016849217,-0.5069234533252358,2.8926035682705153,-0.9097159704920735,-0.9297777205711824,0.45314268522937395,-0.5831716263896941,-0.31099893979683935,0.15488947768796724,-0.6967562518235678,-0.3666000911197918,-1.1451495780859502,-0.6850067346756119,0.39032633305172443,0.922212791885969,-1.2532626778553542,2.335073751373318,1.0950189170215183,-0.12663976365497362,-0.6288098534509089,0.6182738025718952,1.8518333178635784,0.8443692681717841
0.0,0.6917038453354476,-0.349762880195102,-0.349762880195102,-0.349762880195102,-0.349762880195102,4.654415758941654,-0.349762880195102,-0.349762880195102,-0.349762880195102,-0.349762880195102,-0.349762880195102,1.4910116299065235,0.9909309145850049,-0.349762880195102,-0.349762880195102,-0.349762880195102,-0.349762880195102,-0.349762880195102,-0.349762880195102,-0.349762880195102,-0.349762880195102,-0.349762880195102,-0.349762880195102,0.056562853139126075,-0.349762880195102,-0.349762880195102,0.46458072903799424,-0.349762880195102,-0.349762880195102,-0.349762880195102,-0.349762880195102,-0.349762880195102,-0.349762880195102,-0.349762880195102,-0.349762880195102,-0.349762880195102,-0.349762880195102,-0.349762880195102,-0.349762880195102,0.3668236217622151,-0.349762880195102,-0.21231409785830088,3.7379855519789054,-0.349762880195102
,-0.23647277115002094,0.5536552261213005,-0.6513739723418975,0.002298764443793127,-0.6513739723418975,3.2943541364660454,-0.5819094760195864,0.13146495791542828,0.5830687768605531,-0.6513739723418975,-0.6513739723418975,-0.10823730959100672,-0.6513739723418975,-0.44547966728323923,-0.46253234376223534,-0.038686404394218006,-0.5813617127600355,-0.4849432166554897,1.2343158708918673,-0.11194696568557935,-0.6513739723418975,-0.10403443100743169,-0.5845017053969586,3.2539840367259325,-0.6513739723418975,-0.6513739723418975,-0.09728707165995822,-0.5799642445884827,-0.6321788279511958,-0.04462938276503882,-0.6513739723418975,-0.6513739723418975,-0.6513739723418975,-0.537712690234516,0.4134610786294079,0.5961995012024506,-0.6513739723418975,2.8874077962171736,1.153037245631948,-0.6513739723418975,-0.6513739723418975,0.35360671015217127,-0.6513739723418975,0.9456337047753808
,1.8757605054509707,1.314594842134831,-0.9234448244270731,-0.7774053417797243,-0.9234448244270731,-0.8532004328266002,-0.9234448244270731,-0.7399784501008381,-0.8521324283457218,-0.4962119387582875,-0.9234448244270731,0.44249761442681124,1.582771226641889,-0.6242297873067812,-0.31106145205775154,0.2977965545499231,-0.6348170409362307,0.8208930839798593,-0.2350567810522636,-0.7590807842698167,-0.5230708804542689,0.621118344537515,0.13306602206206927,0.7511888383644972,-0.9234448244270731,-0.9234448244270731,0.4690449317929358,-0.2623508148633696,0.20686577269458137,0.530544761579427,-0.9234448244270731,-0.9234448244270731,-0.9234448244270731,-0.8620541530179098,-0.9234448244270731,2.57805776842486,-0.9234448244270731,2.021656280107239,2.0111209945872557,1.2016168781978112,1.2402543637000822,-0.7787382418197596,0.7563658547906927,0.012066958263876664
,-0.45403086628889916,-0.4167562372797002,-0.9576772229021544,-0.643541694627705,-1.856812871597432,0.2820310565092724,0.46618413233806166,-0.3974742279267503,-0.572160239683435,-0.10410202636408701,-0.5103551424175509,-0.4343024690417211,-0.8124691521919513,-0.2087829929203832,0.01801972897877222,0.2043338515043507,-0.4972217388074126,-0.14906175936128616,0.8283392583160354,0.8614954022067265,0.3284666177683298,0.12721733978439642,-0.0095024370717903,-1.0174766141287959,-1.1326311760628636,-1.856812871597432,0.408468308439951,0.20168120873597786,0.31226820379742126,0.08596028336382174,1.1207052160326958,-1.856812871597432,-0.18434057721883249,-0.6231253565106092,-0.1263038932756896,0.6931056099268977,0.058457537735171844,1.3063625082785426,0.6414188515007391,-0.06427896124636022,0.9109787666825061,1.3191185231874696,4.296894313786989,0.41452668124614106
0.2115384615384615,-0.012621953375428473,-0.10536383724754816,-0.7679039692176912,-0.2541887961761555,1.3061160440632693,3.977442775424246,-0.5049946570299233,-0.3299761926523635,-0.39941977407943285,-0.5227348240723373,-0.6757592544592776,1.2016354658060586,-0.7582750952671705,-0.6084461445688646,-0.7573649937595598,-0.5628471401191458,-0.6798615321117991,-0.7679039692176912,0.35124245530553133,-0.7679039692176912,-0.7679039692176912,-0.2397348938896475,-0.7679039692176912,1.145482337973561,-0.7679039692176912,-0.7679039692176912,0.17674168433531182,-0.44040386710550866,0.1401568137103433,0.39463484462777887,0.14564259699189827,1.3254769205660706,-0.7679039692176912,-0.4784176170053793,-0.5312941859879162,1.6513884488658226,-0.7679039692176912,0.7308258566994803,0.9635800688897928,-0.696883357531684,-0.7679039692176912,0.3970460642587568,2.53907597275172,-0.20886054165359114
14.483727810650889,0.2618355849531895,0.801885515695517,-0.731617516184383,0.27772798257621695,3.918076494436134,3.1561304606800693,0.25768852122064984,0.08564401490209694,-0.5400331341859932,-0.2698061687112299,-0.35985768580981903,0.5074556193956842,-0.9587929517494793,-0.3230295831793712,-0.6872746638318461,-0.7461378104841957,-0.6499808515479939,-0.18177812768190824,0.4446118202307281,-0.6541235697853554,0.43394162641829964,1.47503176223581,-0.30925958886881183,0.020572599689623973,-1.6757117358683689,-1.905888111813188,-0.17000077587145218,0.10286594691711297,-0.16483865863269945,-0.5791703141163009,0.3871341890920178,0.7687193857638898,-0.26238520715929714,-0.6156485970784978,-0.30371061963070506,-0.3524697007228601,0.824674340673028,-0.33445034582499944,-0.4994194841359643,0.4490498210700917,0.06747206822964683,-0.8483720320386573,0.5427548998083362,-0.659515419074776
0.0,-0.42758117538066964,-0.42758117538066964,-0.42758117538066964,-0.42758117538066964,-0.42758117538066964,1.5501248498904514,-0.42758117538066964,-0.42758117538066964,-0.42758117538066964,-0.42758117538066964,-0.42758117538066964,1.982896008987675,-0.42758117538066964,-0.42758117538066964,-0.42758117538066964,-0.42758117538066964,-0.42758117538066964,-0.42758117538066964,-0.42758117538066964,-0.42758117538066964,-0.42758117538066964,-0.42758117538066964,-0.42758117538066964,1.2241919095848326,-0.42758117538066964,-0.42758117538066964,0.018276447893316387,-0.42758117538066964,0.1486584011040714,-0.3965846612301691,-0.42758117538066964,-0.42758117538066964,-0.42758117538066964,-0.42758117538066964,-0.42758117538066964,2.3434411957650605,-0.42758117538066964,0.6606428524002141,0.7811279896347021,-0.42758117538066964,0.23370676525274953,0.2927922065515315,4.843323646346993,-0.42758117538066964
0.2302761341222879,-0.21258165691814995,-0.17993132904945744,-0.9461440148289183,0.49833906930505767,-0.9828358163284866,2.030496573357486,-0.6867992884820686,-0.4704874354260735,-0.4802720604525151,-0.8736617046607243,-0.796128109407426,1.1635768659941708,-0.5003252670066072,-0.48055295431238493,-0.38848078077150255,-0.0376476421642586,-0.03668077677992268,-0.5793146050015445,0.8864134633666515,0.20011444907137846,-1.0929085359709916,-0.40129832254047754,-0.9394443087562557,2.3750702693342918,-0.9148742812896906,-0.9996658804667777,0.5724853334374554,-0.4992209396537276,-0.12407381300950127,0.5826352624184679,-0.6333039055333135,-0.29064453625150377,-0.939120113922995,-0.6001382237653958,-0.2159626312099102,1.4532177430797695,-1.1667041652363643,1.5759865519468255,1.4412318496921765,-0.6252128592906252,-0.47891410734623036,0.9759625151219955,3.113692641104353,0.7041074786037198
,,,,,,,,,,,,,,,,,,,,,,,,,,,,,,,,,,,,,,,,,,,,
,-0.6079175833566115,-0.23286942423224202,-0.6152096606237052,-0.17097577135048028,-0.6152096606237052,4.218627336651942,-0.3725955039729346,0.48266024099358623,-0.17705031767928586,-0.5801338459212293,-0.6152096606237052,1.475589714099934,-0.3864723312549651,-0.6152096606237052,-0.6152096606237052,-0.46783949660006535,-0.6152096606237052,-0.6152096606237052,1.5807203415009308,0.06839482145084236,-0.6152096606237052,-0.5191564579668201,-0.6152096606237052,1.1602077529240544,-0.6152096606237052,-0.6152096606237052,-0.33773009406734694,-0.6152096606237052,-0.6152096606237052,-0.11324567869502467,-0.6152096606237052,-0.6152096606237052,-0.6152096606237052,-0.6152096606237052,0.19556947182026846,1.0057108740792837,-0.6152096606237052,2.2066521858357193,1.1176586864718119,-0.032288118113961234,-0.6152096606237052,-0.07683207466914117,1.9374136914062032,0.31488513249592875
,0.12995451653970272,0.6059044820216014,-0.8218180531009264,-0.10375698668427168,-0.9736304266100181,3.5129236629347442,-0.36163794984949477,-0.059182116366218444,0.25656303996672314,-0.6814099794526559,-0.7237777097229503,0.4154810695805256,-0.2783875122374404,-0.6690305599695092,-0.5867151048182225,0.0184171263783651,-0.4658688781883785,-0.5069950093586325,1.1622601045746837,0.3625888868454531,-0.9736304266100181,-0.13164583403858504,-0.6408726057061636,2.4521770100034566,-0.836538968694318,-0.9736304266100181,0.18259176952846326,-0.23320713798455484,-0.5907731919277996,0.5068734974104396,-0.9736304266100181,-0.9736304266100181,-0.9736304266100181,-0.6270487960914838,1.310940835243224,0.8763403327573872,-0.9736304266100181,2.643881837045593,0.8777913004857805,-0.2373226207332123,-0.8597970177074954,0.054580718752567814,0.18450077700695292,0.677428051826778
,-0.02422887967160807,0.39035259972519737,-0.7421256170004015,0.0939370859752184,-1.1531936163139977,3.526763144645981,-0.5869204225612973,0.2471409495270788,0.439441854407638,-0.5749884117445075,-0.519016546256294,0.6382296506586574,-0.306863865179897,-0.4620967615727988,-0.517743521305207,-0.10397736213281626,-0.31960256471894327,-0.4401684069187791,1.0384146710654674,0.13057266585065444,-1.1531936163139977,-0.003301370610154109,-0.5660903835243316,2.4059510753566276,-0.8889715916852969,-1.1531936163139977,-0.0025227777919952215,-0.33990375030027586,-0.5108197309237553,0.5075858637452573,-1.1531936163139977,-1.1531936163139977,-1.1531936163139977,-0.41348882399331466,0.6006454445351416,0.8501645280845971,-1.1531936163139977,2.687850322653867,1.1168049818852737,0.10057326766480924,-0.4388408039211901,0.07365725315471304,0.529476986534139,0.45646456054053247
0.0,-0.3271942095802858,-0.4311208221809646,-0.6205656323547041,1.0279877796831656,-0.6205656323547041,3.0378834044175362,-0.6205656323547041,-0.5885250055851725,-0.469088627498748,-0.6205656323547041,-0.6205656323547041,0.6226990215913573,-0.6205656323547041,-0.5646052528180747,-0.5482506005566298,-0.31217955988856577,-0.5564807835927089,-0.6205656323547041,2.3569199004019135,-0.11247523169786228,-0.6205656323547041,-0.6111058745883431,-0.6205656323547041,1.9692076720176075,-0.6205656323547041,-0.6205656323547041,-0.3564433255011522,-0.6205656323547041,-0.3336921245211573,0.2863652612094539,-0.6205656323547041,-0.562241531952151,-0.6205656323547041,-0.6205656323547041,-0.2058697671569454,1.1294832126850334,-0.6205656323547041,2.5336728529989925,0.8721234497197139,-0.4837456482291923,-0.6205656323547041,0.22144201678321093,2.2811380404051054,0.6737115034648343
2.110539845758354,-0.2183604586808788,-0.6924927303630073,-0.8000709025686167,0.5539008449164969,-1.1321921431164776,-1.1321921431164776,-0.6619938054196584,0.6476935444658583,0.5758012799960567,-1.0302181447519876,-1.1321921431164776,-0.7434558396167115,-0.3577181999457726,-0.5116798874435634,-0.1933506307589435,1.1252210675474104,-0.6007337292883882,-0.323722760884591,0.6155989359075366,0.6534243162449128,-1.1321921431164776,-1.1321921431164776,-1.1321921431164776,0.16192735424652252,-1.1321921431164776,-0.16638803360652657,-0.742917492438618,-0.05071034117114989,1.7208519795684711,1.1978066770290408,-0.6938274331660579,1.8188902904686177,-0.6302564409395006,-0.21909728439200127,0.4735035266192943,3.4962873706384805,-0.8564669413531291,1.6676496432889398,0.3666186501894352,-0.39913111554783404,0.32241264034235545,0.49271850371040865,0.758892826553356,1.1687377224190831
0.0,-0.3229774676311605,-0.1157302563627836,-0.6879591633238358,0.012108116468940678,-0.6879591633238358,3.0708636158712252,-0.42158136189325096,-0.28902376491251097,-0.04080394537586236,-0.6730641148176064,-0.6836554710300277,0.9008046355392152,-0.08825117888596788,-0.4825046355585643,-0.6035920808872703,-0.16646434993418285,-0.44223354219313343,-0.22061179670467984,1.335275432100221,0.162857898357091,-0.6879591633238358,-0.2488996265751869,-0.6087410237683374,1.8966964508595465,-0.6879591633238358,-0.6879591633238358,0.28524912071595837,-0.31099985882003306,-0.496431322625812,0.25923654374545524,-0.6879591633238358,-0.6879591633238358,-0.6879591633238358,-0.6176399053089364,-0.6879591633238358,0.9394960934358083,-0.6879591633238358,3.7528647563772823,1.1345081758848152,-0.6879591633238358,-0.6676940578561501,0.5155388514963936,-0.6879591633238358,1.4909100301755376
0.0,-0.342216319966089,-0.2691349739059229,-0.5205944625945763,0.756610190369876,-0.5205944625945763,2.235745409656913,-0.5205944625945763,-0.20306522589753156,-0.03937767364672942,-0.5205944625945763,-0.5205944625945763,-0.027920131052733107,-0.5205944625945763,-0.5205944625945763,-0.5205944625945763,0.03469771754346739,-0.5205944625945763,-0.5163920515211238,1.2752974726823996,0.8143243692338158,-0.5205944625945763,-0.444817460608246,-0.5205944625945763,1.8882318970909573,-0.5205944625945763,-0.5205944625945763,-0.4978394400116031,-0.47313954370358935,-0.5205944625945763,0.29176716396633257,-0.5205944625945763,-0.5205944625945763,-0.5205944625945763,-0.5205944625945763,-0.5205944625945763,0.9064622218714526,-0.5205944625945763,4.690139457656229,1.2903924242601412,-0.5205944625945763,-0.5205944625945763,-0.1554358403929749,-0.5205944625945763,0.7593429760502123
1.3604417670682731,0.07420001207079298,-0.4397317062617573,-0.8834117126248041,-0.11190000745218108,-0.6381248140586283,2.6715664586200676,-0.64871218865474,-0.6134959795028355,0.24080117863343348,-0.804346019351867,-0.5573480562367916,0.7865082727664423,-0.48686364984372543,-0.5614236747741793,-0.3079274213742363,0.3119818846435818,-0.31124669921123427,-1.0706928567475131,0.24158513448858654,1.3491652087536443,-0.9527719218075993,0.7201348154749982,-0.9505394546897125,0.4536702956066219,-1.387157768086588,-0.8306292055479974,0.615571487373775,-0.7394131507005016,0.540821332762041,0.5548014415538198,0.16570946074253318,2.6138837814221803,-0.8645841127331932,-0.2999816886694501,0.20569461145423404,0.4471104924703748,-1.4665179311660632,0.32690708671049623,-0.12151251801867322,-0.7152405391504717,-0.6181286702448592,0.42689784539911724,3.333427267402266,0.301263678560589
0.0,-0.4182878687050415,-0.33334680820704604,-0.5871677830593991,0.7897700795242557,-0.5871677830593991,2.4138059126916054,-0.5871677830593991,-0.5871677830593991,-0.38673766942020843,-0.5871677830593991,-0.5871677830593991,0.48410158111079116,-0.5871677830593991,-0.5871677830593991,-0.5871677830593991,-0.4903596659515316,-0.43982697989443864,-0.5871677830593991,1.238059891189123,-0.13724431950488744,-0.5871677830593991,-0.5871677830593991,-0.5871677830593991,2.797770563689625,-0.5871677830593991,-0.5871677830593991,-0.2934741930081074,-0.5871677830593991,-0.5088999484011747,0.03017309293952391,-0.5871677830593991,-0.5871677830593991,-0.5871677830593991,-0.5871677830593991,0.2856841871365251,0.6384198129018713,-0.5871677830593991,3.2785363099954714,0.9221733657513409,-0.5871677830593991,-0.5871677830593991,0.49957915297934125,2.4447331479317276,0.6902293656174129
0.2017291066282421,0.01824308836476009,-0.22739846761365867,-0.6984614064528869,-0.09169608125152809,0.2403999321378533,4.43828594480715,-1.0032544066809443,-0.48621646889063813,-0.2701247801562176,-1.0032544066809443,-0.9926120082034786,0.8883553544006061,-0.44403014927461654,-0.9799141551959696,-0.7063275903162459,-0.5199728846682945,-0.37943572129574243,-0.37275649312691944,0.587996467750177,-0.20682296820208568,0.00970843021965907,1.370809276078205,-0.2052376986581756,0.31127815033038164,-1.0032544066809443,-1.0032544066809443,-0.5072811268659909,-0.021868992429972072,0.5280648676004547,0.045626525081105984,-0.10100168094715961,2.1331786013532206,-0.4968943549554342,-0.8587565034224578,0.875683403075526,1.219120864271661,-1.0032544066809443,1.206246162123707,1.0492500478445455,-0.09876543477335778,-0.07304644734110187,-0.2141498472543596,-1.0032544066809443,0.05005058594294146
0.0152380952380952,-0.38753872487124186,-0.38129194742394307,-0.7590077189639308,-0.5023452404669709,0.1227905887903114,3.795354136698254,-1.1215980273856847,-0.8961220280386929,-0.2996923274034308,-1.1215980273856847,-1.1215980273856847,1.2831160323223767,-0.21732552291602,-1.0617724682050333,-1.014303438650967,-0.43049417883933594,-0.6945751576486038,-0.2887259908974547,0.6274083040251602,-0.4224549595060329,-0.2437901923102569,1.6993175135662826,-0.025058579844076948,0.46365376147219217,-1.1215980273856847,-1.1215980273856847,-0.3092321382826956,0.10803648461058153,0.6092895878806815,0.19144740266863444,-0.13147054349378948,1.7748770969161947,-0.7129264843555205,-0.7725554590885394,1.114640473970691,1.1275940182858886,-1.1215980273856847,1.5076427848526281,1.2338064277440177,-0.4595301504753895,0.03821148975918965,0.27533483992008567,0.3834473241224596,0.38383314839040633
11.240860215053765,-0.9157992875028307,-0.3548333564693588,-1.0828337093741913,-0.7511252823417583,2.6582070127920914,0.41883697449447527,-0.756655675447985,-0.7870669386658612,-0.9743703880466396,-0.4711957305439544,-0.8314684312787667,-0.5188050774347562,-1.1813779602987042,-0.24224742170718697,-0.24718925527724614,-0.14676436616204966,-0.4904308337354498,-0.39108531268616087,0.3718718173790944,0.725238686726465,-0.11670950323734895,0.10705541728932454,-0.5867290783019459,-0.8203094592637965,-1.2947589026658342,-0.8515816011649112,0.11961844651175205,-0.15495417381004775,0.3334093441729587,0.35769774986623737,1.1803226591499592,1.1609404937688914,-0.08196521438660832,-0.6569926598043794,-0.7253810737200387,0.6158018516587652,-0.6353684506184071,1.357472962246363,0.5899223275369867,0.12250309212142405,0.8071744515780377,1.2550348873305268,3.9362533350289586,-0.04936236570609845
1.20752688172043,0.25708127380022894,-0.22043363001779992,-0.9335819130787628,-0.34713012360797063,-0.7800176715737376,2.2554068016444098,-1.2196651379163304,-0.7730018636831324,-0.3564803327744843,-1.1108482973910823,-0.8405083018174917,1.0822632746787841,0.03720297918354128,-0.6516109748132549,-0.3727337520147988,-0.34560956869113113,-0.13929223732383986,-0.4695271132363391,-0.0760854028283498,-0.20938172343137162,-0.9832270312578018,-0.2342803975716617,-0.9209685453656526,0.6491560059105326,-0.956394510030517,-0.7361472139501015,0.05007052290223222,0.10165355571661698,0.7563511467368526,0.4348497189032779,-0.2663915077618466,2.3247559089356735,-0.6110553498019735,-0.6356990754901011,-0.4611509062025058,2.7330762096223618,-1.2207966212503867,1.086595181483323,0.7932893829947196,-0.365365089012259,0.7601782810743095,0.07198836143456236,2.9021913217469457,-0.058725634873678746
0.4688172043010752,0.06958593412732919,-0.1917210519095906,-0.6283890963842408,-0.05724489996107339,0.000877801082488078,4.667018642865848,-1.0871483924814467,-0.5336267502749498,-0.29424203150701367,-1.0871483924814467,-0.8977946722734718,0.5471202036989212,-0.3787944388785891,-0.9762702013215252,-0.44474909060683715,-0.5491150476224158,-0.4557856828254937,-0.4706964239026529,0.4766422321247173,-0.24464507695262525,-0.10819573279326472,0.7942254733290066,-0.28281064717258625,0.2759183251189571,-0.9738338786857421,-0.9312109881754312,-0.4258119493170058,0.06499348176484443,0.13619348929449376,0.0647794565002956,-0.0007571183768535103,2.294960643133467,-0.47117035832604126,-0.6631511467606772,0.09382554625274185,1.0941658966810617,-1.0871483924814467,1.0559276040973111,0.7929321213977484,-0.24505265654404826,0.16058934782905349,-0.47984038161947073,1.5485906718648124,-0.17199237152715763
0.5724137931034483,-0.08235276572600261,-0.3115428917864518,-0.574705496510188,-0.16730660500071423,0.01894554842752701,4.835297727904258,-0.8666476234019468,-0.12717640822448267,0.042144728015682094,-0.8666476234019468,-0.8666476234019468,0.7267335795563545,-0.312330274384488,-0.7331137692643017,-0.4243020270501853,-0.1721236964197419,-0.3002798972319345,-0.09473129687258283,0.7259111313731375,-0.09781288358679187,-0.3397939246391447,1.1202515332270537,-0.481544128468058,0.6981247482600743,-0.7561368475638957,-0.8666476234019468,-0.2981099059439268,0.028037642198072612,0.6365500888497267,0.4131333726797926,-0.8666476234019468,-0.8666476234019468,-0.6955149291635258,-0.7301220698242414,-0.8666476234019468,1.6660979385718158,-0.8666476234019468,1.2085441579425178,1.4512350255317956,0.5601633790648148,0.17759287172401336,-0.30596251655805506,-0.8666476234019468,0.496027471509597
,-0.44542975931405154,-0.44542975931405154,-0.44542975931405154,-0.44542975931405154,-0.44542975931405154,-0.44542975931405154,-0.44542975931405154,-0.44542975931405154,-0.44542975931405154,-0.44542975931405154,-0.44542975931405154,-0.44542975931405154,-0.44542975931405154,0.8466573750238227,-0.28882170321315304,1.257201867809938,-0.44542975931405154,-0.44542975931405154,-0.44542975931405154,-0.44542975931405154,-0.44542975931405154,-0.44542975931405154,-0.44542975931405154,-0.44542975931405154,-0.44542975931405154,-0.44542975931405154,-0.44542975931405154,-0.44542975931405154,3.4381387754561077,2.7078257950814724,-0.44542975931405154,2.280621123328424,-0.44542975931405154,-0.44542975931405154,-0.44542975931405154,3.1207810674870893,-0.44542975931405154,0.9336012321681207,0.287908937059568,-0.44542975931405154,-0.44542975931405154,-0.03448452840281418,-0.44542975931405154,0.14975211556512627
,-0.43466751289537625,-0.43466751289537625,-0.43466751289537625,-0.43466751289537625,-0.43466751289537625,-0.43466751289537625,-0.43466751289537625,-0.43466751289537625,-0.43466751289537625,-0.43466751289537625,-0.43466751289537625,-0.43466751289537625,-0.43466751289537625,-0.43466751289537625,-0.43466751289537625,-0.2765478964125825,-0.43466751289537625,-0.43466751289537625,0.32781329898251305,-0.10416154928448632,-0.43466751289537625,-0.43466751289537625,-0.43466751289537625,-0.43466751289537625,-0.43466751289537625,-0.43466751289537625,-0.43466751289537625,-0.43466751289537625,-0.10478499628413272,1.344267739099271,-0.43466751289537625,2.7664301534392077,-0.43466751289537625,-0.43466751289537625,-0.43466751289537625,3.7646218988553684,-0.43466751289537625,1.83462061769358,2.9879676071412637,-0.43466751289537625,-0.43466751289537625,0.8464690596431533,-0.43466751289537625,0.9573319926742617
0.0,1.3941696410911992,0.15872423648334272,-0.7191465416946068,-0.7191465416946068,-0.7191465416946068,-0.7191465416946068,-0.7191465416946068,-0.7191465416946068,0.13643748239225847,-0.7191465416946068,-0.7191465416946068,-0.7191465416946068,1.577430942540307,-0.7191465416946068,-0.7191465416946068,-0.39943389982837135,-0.52938239276252,1.6804045033400894,-0.7191465416946068,-0.033578717413631665,-0.7191465416946068,0.9170851506279781,0.002236566738291142,0.33210371517348763,-0.7191465416946068,-0.7191465416946068,0.9250337417099773,-0.18106125486500008,1.0837983021082274,-0.7191465416946068,-0.7191465416946068,1.2672158484256781,-0.7191465416946068,-0.7191465416946068,-0.7191465416946068,3.3517039084759612,-0.7191465416946068,1.6184070409241844,1.1288208994421596,-0.7191465416946068,1.6348946655585528,-0.7191465416946068,1.1945066205083914,-0.7191465416946068
,-0.3831552733306682,-0.3831552733306682,-0.3831552733306682,-0.3831552733306682,-0.3831552733306682,-0.3831552733306682,-0.3831552733306682,-0.3831552733306682,-0.36590208990666084,-0.3831552733306682,-0.3831552733306682,-0.3831552733306682,-0.3831552733306682,-0.3831552733306682,-0.3831552733306682,0.444458369039686,0.7073474083808573,-0.3831552733306682,0.030064587824458894,0.01967026651561411,-0.3831552733306682,-0.3831552733306682,-0.3831552733306682,0.5182456094437897,-0.3831552733306682,-0.3831552733306682,-0.36628671501483945,-0.3831552733306682,0.5308817405438467,1.8247320985812623,-0.3831552733306682,-0.3831552733306682,-0.3831552733306682,-0.3831552733306682,-0.3831552733306682,-0.3831552733306682,-0.3831552733306682,4.067187776776309,4.178685787860478,-0.3831552733306682,-0.3831552733306682,-0.3831552733306682,-0.3831552733306682,0.67188390653658
0.910337552742616,-0.48224303911384986,-0.5019448073385793,-0.9553264165574639,0.30063688724908716,-1.0052446333616905,1.6175657642499843,-0.8730246836687766,-0.17557011401412986,-0.4600665243536954,-0.9143553876804144,-0.9132429721571041,-0.04513567669848956,-0.7152711801287854,-0.510018043807419,-0.3507155465352444,-0.20270963064875452,0.18409807928190805,-0.0004043132435905424,1.4599475601462368,0.8430763663402384,-0.6294607984026359,-0.4357203927373714,-0.2758393594689534,0.7433142098971794,-0.8518696117612228,-0.9374527492793063,-0.1067908581781464,-0.17354972252938036,0.3041682588364057,0.24409792965688226,-0.9270772783336988,-0.7248774170703218,-0.9538369639755813,-0.7392711102382363,-0.1984802718862974,1.049931385413838,-1.0052446333616905,2.99826595974651,1.5379175947742736,-0.23114389579342234,-0.01460481523621749,1.0806317670331933,3.392124849004243,0.5547162359304909
0.6940928270042194,-0.2513221480843703,-0.03128563917696057,-0.8403270511372561,0.501669191808459,-0.9225570760772464,3.9001443553147275,-1.1123901698490344,-0.2064790229626494,-0.19647713997301686,-0.8623514290464676,-0.7674799465750284,0.9580127903521762,-0.5281966248595152,-0.49831966161056057,-0.42152763780074437,-0.3676833614398141,-0.15879863696681534,-0.49813833779660754,1.3422121342447926,-0.09629995166468663,-0.7271655831425778,-0.014869420587449056,-0.6071150362092731,2.0692465598183953,-0.9069383249453173,-0.8205231373666689,0.11335942378601106,-0.5484549969467944,-0.45373831559094846,0.1261680980496165,-0.30358446372819986,-0.28747085661007016,-0.9063257203911448,-0.6490450784705069,0.35059104109481665,1.2667497127532295,-1.1811701024319579,2.5409140440980096,0.8507346673565851,-0.012587704867952802,-0.37838721967567257,0.15030817512451589,1.1199684156121985,0.2669311865717784
0.0521998508575689,-0.43073342391985925,-0.6739951422056094,-0.8080892144560969,1.3230812539950345,-0.7545908191846076,0.5142071673764834,-0.6112561999146375,-0.4052444382735078,-0.0935727779738255,-0.6311130109562474,-0.6940147831402536,0.18027574322737117,-0.5993724865608334,-0.4598646499413502,-0.3546754161105913,-0.1819416210001545,0.2932737696770527,-0.475304484697085,1.4062562045428444,0.42171002232617133,-0.5765299450077981,-0.017275184167994954,-0.47971406126247007,1.943216408120798,-0.7375418800321549,-0.789655922668201,-0.15418419256723617,-0.40372307716250977,0.055670103060907375,0.8016294729868091,-0.7558840496906908,-0.8080892144560969,-0.7471094358954513,-0.7567742972591649,0.3569231098881434,0.6058794009188709,-0.7526884909213525,4.448719513125903,1.5240303076348936,-0.6155185428124484,-0.4345078342214054,1.2866871837922553,-0.8080892144560969,0.8494941502421924
0.1165644171779141,0.6854249479979693,0.9026328995243054,-0.5962212425574888,-0.7625958806212939,-0.7625958806212939,-0.7625958806212939,-0.3466592854617811,0.1367264872911663,0.28723036779229116,-0.7625958806212939,-0.7625958806212939,-0.7625958806212939,3.2744357782798597,-0.7625958806212939,-0.7625958806212939,0.6911721172098207,-0.09538240215636433,1.6141846631473507,-0.7625958806212939,-0.11812680878483657,-0.7625958806212939,0.29636574779047836,-0.268309661341974,0.7581960578047128,-0.7625958806212939,-0.7625958806212939,0.17613256943859093,-0.33312810909874174,1.0356757768340745,-0.7625958806212939,-0.7625958806212939,-0.7625958806212939,-0.5918092547217505,-0.7625958806212939,-0.48297464017792396,2.456525539799036,-0.7625958806212939,1.9705597626013114,1.1756642676180804,-0.7625958806212939,1.803418782874154,-0.7625958806212939,0.32393236795865776,-0.266344997856412
,-0.32946939485959276,-0.32946939485959276,-0.32946939485959276,-0.32946939485959276,-0.32946939485959276,-0.32946939485959276,-0.32946939485959276,-0.32946939485959276,-0.32946939485959276,-0.32946939485959276,-0.32946939485959276,-0.32946939485959276,-0.32946939485959276,-0.32946939485959276,-0.32946939485959276,-0.32946939485959276,-0.32946939485959276,-0.32946939485959276,-0.32946939485959276,-0.32946939485959276,-0.32946939485959276,-0.32946939485959276,-0.32946939485959276,-0.32946939485959276,-0.32946939485959276,-0.32946939485959276,0.5867492351640388,-0.026197863109182228,1.0840729863037746,-0.32946939485959276,-0.32946939485959276,-0.32946939485959276,-0.32946939485959276,-0.32946939485959276,-0.32946939485959276,4.817525686058979,-0.32946939485959276,2.5609310272873924,0.22704858782142756,-0.32946939485959276,2.9402379502785045,-0.32946939485959276,-0.32946939485959276,-0.32946939485959276
,0.9332076201141126,-0.6479650467658631,-0.6479650467658631,-0.6479650467658631,-0.6479650467658631,-0.21471800715427555,-0.6479650467658631,-0.6479650467658631,0.02924634524836597,1.942682926714471,-0.6479650467658631,-0.6479650467658631,1.4508068408935104,-0.6479650467658631,-0.6479650467658631,0.9075503113180441,-0.3071388427869905,-0.6479650467658631,-0.6479650467658631,0.2605107721643999,-0.6479650467658631,-0.6479650467658631,2.5847838085177473,1.7809675820739461,-0.6479650467658631,-0.6479650467658631,0.7476486662686627,0.046543086429681725,0.10272449959481586,1.6304056115171333,-0.6479650467658631,-0.6479650467658631,-0.6479650467658631,-0.6479650467658631,-0.6479650467658631,-0.6479650467658631,-0.6479650467658631,1.9813905422482208,2.6234467467163003,-0.6479650467658631,-0.6479650467658631,-0.6479650467658631,-0.6479650467658631,0.9949977528001573
0.2678300455235204,0.5060410304370792,1.5898789669913185,0.5449312636165171,-0.9169301454729353,1.613333745840961,3.939633544188596,-0.8930958816696578,-0.33747833094135193,0.08452274934010412,-0.9169301454729353,-0.8986369814482562,-0.44895665068775287,0.13055534258838394,-0.597577419665583,-0.5348370324721009,-0.5814680206640014,1.6905322201848978,-0.9169301454729353,0.4651717742709661,-0.9169301454729353,1.278825967124175,0.8873102343993418,0.5967019337933066,1.3367876623675232,-0.9169301454729353,-0.9169301454729353,-0.41990891318565476,-0.9169301454729353,0.6664153018072154,-0.6177800126554749,-0.9052558755540518,0.07178019089938126,-0.13509742178770842,-0.820989282452304,-0.9169301454729353,-0.7712865097775963,-0.9169301454729353,0.35260134187176306,0.1922878768564717,-0.02184991242593049,0.24840686736164336,0.3650812772158841,-0.9169301454729353,0.5927204089612399
0.3960546282245827,1.0218078920715237,-0.8144977423658353,-0.19935971881794481,-0.26372685772417126,-0.892654659691173,0.03017469949746971,-1.1115175266212731,-1.4028688794480086,-0.06486875565219773,-0.8111243929270296,-0.7236545787658321,1.1065438628523128,1.9605314251282175,-0.7346105551506784,-0.350689671578504,0.07696262356955795,-0.08868889948219544,0.7204119421163628,-0.7195096553589367,0.21001329742366445,-0.6676514534049544,0.32842916209991974,0.061227915069627936,0.9606708032418072,-1.2672271055281858,-0.957974806682566,0.61697227280473,1.9308613715496918,0.3793156523892033,-0.3366177878593212,-1.215908700978505,0.30830805290234015,-0.1673621878505778,-0.2777020382090894,-1.1719747192463812,1.2672034439027735,-1.1548226352454034,2.2789139231439393,1.7803009456195555,-0.1813300067725027,1.916569522601843,0.6690327559286411,-1.7971681810820304,-0.2507400474698798
14.790591805766311,-0.11443395216244466,0.38792837206029046,0.327137328551389,-0.7091194032025497,4.144541373263694,1.1733378129885392,1.2321022019912022,0.8401770989391981,0.3791742784425435,0.34267714808544303,0.6325037747300584,-0.27846273432341634,-0.5525544765784632,-0.5404166698478798,-0.8786142850519044,-0.8498851790567338,-0.029017508410401394,-0.6465815295356957,0.15157686954563138,-0.9992084537345047,1.152689499885696,0.9244072276575992,0.32478633220048553,-0.8423239641666361,-1.3119422605635442,-0.5474313120203946,-0.03748917737489519,-0.23067643732219306,-0.3054160058397025,-0.7373962847010364,1.0686917769319164,0.07324056087403238,0.2862795891418191,-0.43378874842033516,-0.073575993839542,-1.0116173702711972,2.001192303620585,-1.012904110356603,-0.8712908947255402,0.4925434439503238,-0.08290193788171048,-0.8613879896228858,-1.7901604860969593,-0.18638982775327229
1.0714285714285714,-0.17547821464760313,0.02208344841531239,-0.8128631682711505,0.27698173818719024,-1.180386364803319,3.168691350847876,-0.9995336613446715,0.12310095549576754,0.08582649151998394,-0.5927388472574173,-0.5711546780233997,0.9878617106769696,-0.4241160762998088,-0.4731190848071903,-0.5515388729943594,-0.309664585793163,-0.20343223759999693,-0.5623472637043698,1.1304459441804626,-0.05427731254410133,-0.9379083017758908,-0.15117363609335369,-0.6346735567977377,2.4300910201776484,-0.9666034872861977,-0.8965739705904546,0.12452956423269114,-0.6176302426126487,-0.5083074514277812,0.5291223800710356,-0.575891826854619,-0.5141447216610338,-1.020797035296054,-0.6608235985987406,0.6530099314255123,1.029730533978037,-1.277141470928188,2.8982033832948124,1.3857242750037613,-0.13463045684916292,-0.5886157147330688,0.23892070045796587,0.6883364126422422,0.6229059989882133
0.8156424581005587,0.6493874473167636,-0.34591738685710494,-0.5783160363124616,-0.5783160363124616,-0.5783160363124616,4.855353228508352,-0.5783160363124616,0.3278827885095085,0.4274173075671783,-0.3857874747936731,-0.5783160363124616,0.4538792005241481,-0.5783160363124616,-0.5783160363124616,-0.5783160363124616,-0.021374439937597422,-0.5783160363124616,-0.5783160363124616,0.6930338273656159,-0.130045970937571,-0.5783160363124616,-0.4264751604677483,-0.5783160363124616,0.43267032338504974,-0.5783160363124616,-0.5783160363124616,0.49142565530043547,-0.5783160363124616,-0.5783160363124616,0.38239657243286107,-0.5783160363124616,-0.5783160363124616,-0.5783160363124616,-0.5783160363124616,2.6519641052383363,0.46571885571543914,-0.5783160363124616,1.4430989423182494,0.516319910091959,-0.5672747911477836,-0.5732777982276086,-0.30575087049094424,0.5208245847685204,0.5891679063793115
1.0279329608938548,-0.17435468503135934,0.043589292723394735,-0.7753679885367616,0.2652228947691047,-1.1963360442390167,3.6710029402663293,-0.9020047678895858,0.04820375772740255,0.3108464340251827,-0.5374266189150092,-0.49441698658541977,0.9476075773319576,-0.30946284887829506,-0.5269114564399925,-0.5437896898725649,-0.31035147530958773,-0.1293563861313696,-0.3896758952195965,1.1065499171555204,-0.08303269185966318,-0.924459360400911,-0.11649867548930253,-0.48388136647795144,2.2586690453470624,-0.9185730847701828,-1.1963360442390167,0.37693470672401325,-0.42983774025569654,-0.5666802078949544,0.3113613467725325,-0.5712131632972063,-1.1963360442390167,-0.8537587619088615,-0.5735050294152579,0.5512559090857299,0.8687795510906421,-1.1427186496978932,2.641987607800762,1.248701442438326,0.057255752066880404,-0.498268800747301,-0.027552610539383984,0.6396757400575177,0.5244631588987924
1.1483622350674374,1.4342385642734867,-0.42559851966309126,-0.6232880319887695,-0.6232880319887695,-0.614481204195058,4.135490352902215,-0.6232880319887695,0.8747592863442379,0.5252834188096123,-0.46283780160729004,-0.6232880319887695,0.2788477840753771,-0.6232880319887695,-0.6232880319887695,-0.6232880319887695,0.10866585658013218,-0.6232880319887695,-0.6232880319887695,0.8089793179570532,-0.21406882699418578,-0.6232880319887695,-0.4233952431583932,-0.6232880319887695,0.3367412289665514,-0.6232880319887695,-0.2974354036214438,-0.001205741469329502,-0.6232880319887695,-0.6232880319887695,0.6057430771792958,-0.6232880319887695,-0.6232880319887695,-0.6232880319887695,-0.6232880319887695,3.038451575995136,0.34251779110651714,0.18068480809509946,1.7288069092901883,0.6723129517413523,-0.6232880319887695,-0.6232880319887695,-0.22079486542944876,-0.6232880319887695,0.6773433545861424
0.8740245261984393,0.49751953529406484,-0.5428044341308278,-0.5428044341308278,-0.5428044341308278,-0.4196783269231091,4.836491511837465,-0.5428044341308278,0.3183666047208464,0.13980831988025347,-0.5309129791087545,-0.5428044341308278,0.051935965099066804,-0.5428044341308278,-0.5428044341308278,-0.5428044341308278,-0.028628622958389482,-0.5428044341308278,-0.5428044341308278,0.9359817477195334,-0.2536361632227168,-0.5428044341308278,-0.5428044341308278,-0.5428044341308278,0.4324210398430851,-0.5428044341308278,-0.5428044341308278,0.034178584009426936,-0.5428044341308278,-0.5428044341308278,0.6974439450418132,-0.5428044341308278,-0.5428044341308278,-0.5428044341308278,-0.5428044341308278,2.778780778633127,0.5713639334511785,-0.5428044341308278,1.503705250471757,0.4907218690358769,-0.5428044341308278,-0.5428044341308278,-0.06215883429882906,0.47152016334228347,0.5620820972718836
0.9609810479375696,-0.10880751214846816,0.020091303497291643,-0.7608329130025161,0.3285472142709694,-0.9154941727381462,3.7061221890929517,-0.8806252794096858,-0.019858199136916832,0.11253682478602045,-0.555500986131295,-0.4780009675082804,0.615858265215415,-0.4111083786580304,-0.5042375975345936,-0.5188812568268724,-0.3763131635234739,-0.08947100725279777,-0.48879150331290994,0.8026079814767342,-0.20636957728104796,-0.901169417444066,-0.12631671390297772,-0.5400192995571107,2.388670138171168,-0.9072080593096921,-0.7955108527197173,0.16142968963074397,-0.5263809119045357,-0.38160520168703044,0.5153025561664824,-0.567003226047635,-1.2017046808324507,-0.9099944156690558,-0.6072392723373721,0.6025050090768723,0.8952147674848283,-1.2017046808324507,2.8016136980388975,1.3237566687976605,-0.21233068568921074,-0.5019257775367444,0.23375948829013765,0.7186037233299198,0.46778619260899573
7.090909090909091,-0.43600648450264246,0.12247498557459473,-0.35023326835470214,0.01360147221764565,4.7900807347353425,1.0395867008387087,0.846980079041145,0.21521426714016265,0.30165799811503413,0.875865370500699,0.7511843264327203,0.06675278287822947,-0.507227670975266,-0.8034758748847068,-0.8816098873530085,-0.6586284916541627,-0.6849266304158067,-0.5546340802739412,0.009423162631487979,-1.022325855416872,0.5933581111103421,1.335288573879715,0.07070424344939175,-0.6126156283635258,-1.0533486069490627,-0.38979273600878117,-0.5875374421630426,-0.1405611157739438,-0.6075845737652332,-0.44121064431952584,1.5060787499862196,1.1866308621715294,0.2851336872497905,-0.03245768522005618,0.7088200020222952,-0.7690960341486446,0.21741371833113393,-0.9360140598612061,-0.778361355126398,0.28372660174787484,-0.5112278544148813,-0.82393543208671,-0.6293664107705745,-1.007798607251371
0.0,-0.5390347353912456,-0.5390347353912456,-0.5390347353912456,-0.5390347353912456,-0.5390347353912456,3.3990376649720244,-0.5390347353912456,-0.5390347353912456,-0.5390347353912456,-0.5390347353912456,-0.5390347353912456,1.042113092278027,-0.5390347353912456,-0.5390347353912456,-0.5390347353912456,-0.5390347353912456,-0.5390347353912456,-0.5390347353912456,1.8517740453364544,0.16496590741989622,-0.5390347353912456,-0.5390347353912456,-0.5390347353912456,1.6394197028562418,-0.5390347353912456,-0.5390347353912456,-0.3037256965283735,-0.5390347353912456,-0.5390347353912456,0.2067443747621113,-0.5390347353912456,-0.5390347353912456,-0.5390347353912456,-0.5390347353912456,-0.010964196766766375,1.2203849978138812,-0.5390347353912456,3.055133435629525,1.0907707379091893,-0.5390347353912456,-0.5390347353912456,-0.09094799948144142,1.6981911054089844,1.2081448901276082
0.4493996569468267,-0.13334606597363416,-0.21436496195886295,-0.906076439576914,0.03677747043602103,-1.0874891217084786,2.793333881093489,-1.0161486243671858,-0.6077702559014171,-0.19270826660066942,-0.7957400411990757,-0.8766974774505345,1.3814026007503306,-0.37967242257156647,-0.5627328032568829,-0.5658015728831226,-0.19800178493157192,-0.2117346568160287,-0.48480120548654504,1.2939389717909702,-0.060550902599376906,-0.8920536696307767,-0.2903225857577141,-0.7410771364346427,2.406098132595095,-0.8572574501353186,-0.8973268738344976,0.7165176042288487,-0.5721711654606588,-0.33994494679871406,0.3745033999882686,-0.7794571201596919,-0.10814238259188388,-1.0444070839026887,-0.5968196185197212,0.7026049475803052,0.9089772526539843,-1.2922215889750908,2.2874617254060903,1.2328211310812187,-0.31999181264842136,-0.4835536814486141,0.5112750214627607,1.779828560302775,1.082843020210144
8.635761589403973,0.025698728203862996,1.4191400212712217,-0.4989110303933088,0.7727173179974772,-1.7378657616707098,3.610937495741979,0.6174769496856903,0.41651211719720244,0.5265164552938771,0.5569953667739945,-0.1467286782845122,1.7416707730743242,-0.4386095563504656,-0.4189662238774979,-0.4705285622127356,0.23388330354614106,-0.36620449176826436,-0.1523322697744796,0.06774198551888042,-0.46759354866825337,0.576812631289667,0.8425391560384881,0.3499913101357543,-0.12047607393204227,-0.7880313566151107,-1.7378657616707098,-0.2896153699277766,-0.2309955508944085,-0.15809036805892782,0.4888098276669469,-1.7378657616707098,-1.7378657616707098,1.693652346309374,-0.0046062018232920715,-1.7378657616707098,0.4653920273512747,0.1258835367577457,-0.5364932852354163,0.0796637689867495,0.44070505973949264,0.7039104538579228,-0.748363340635935,-0.3205182817597581,-0.9102576338723395
0.0,2.1041330613004883,0.9065252963355194,0.08727350862385218,-0.4937759156707371,4.021012624252387,-0.4937759156707371,0.24380181016530653,-0.4937759156707371,1.3910050179724784,0.631528827749346,0.4307399581641256,-0.4937759156707371,2.085081804628597,-0.4937759156707371,-0.4937759156707371,-0.4937759156707371,-0.08166117293286144,-0.4937759156707371,-0.4937759156707371,-0.4937759156707371,-0.4937759156707371,2.5537863414871502,-0.42018796824899424,-0.4937759156707371,-0.4937759156707371,-0.4937759156707371,-0.4937759156707371,-0.4937759156707371,-0.4937759156707371,-0.4937759156707371,-0.4937759156707371,-0.4937759156707371,1.2235027420321305,-0.4937759156707371,-0.4937759156707371,-0.4937759156707371,-0.36326438140741313,-0.4937759156707371,-0.4937759156707371,-0.4937759156707371,-0.4937759156707371,-0.4937759156707371,-0.4937759156707371,-0.4937759156707371
0.0,1.6545882345386107,0.27854943822575257,0.2760860790391584,-0.584316751171733,4.985113523072172,-0.584316751171733,0.22709075661798225,-0.5134447292819585,0.9723128737601339,0.7670430791128278,0.5463658551875852,-0.11794288804219583,0.9201515428373762,-0.584316751171733,-0.584316751171733,-0.584316751171733,-0.028493790221805922,-0.584316751171733,-0.5122380625638644,-0.584316751171733,-0.133496895199103,1.7629857527508306,0.5311254734192971,-0.533863278129769,-0.584316751171733,-0.41045655069542075,-0.02470699452537955,-0.584316751171733,-0.584316751171733,-0.584316751171733,-0.584316751171733,-0.584316751171733,1.4009444393082604,-0.3938531796775397,0.07838497054689866,-0.584316751171733,0.26885388816563716,-0.584316751171733,-0.584316751171733,-0.584316751171733,-0.584316751171733,-0.584316751171733,-0.584316751171733,-0.3147645148108263
,,,,,,,,,,,,,,,,,,,,,,,,,,,,,,,,,,,,,,,,,,,,
,0.540251979411741,-0.6399232311606436,-0.6399232311606436,-0.6399232311606436,-0.6399232311606436,-0.6399232311606436,-0.6399232311606436,-0.6399232311606436,-0.6399232311606436,-0.6399232311606436,-0.1292704958168234,-0.6399232311606436,-0.6399232311606436,-0.6399232311606436,-0.6399232311606436,0.4674168984245332,0.4910780123045583,-0.07091018320610099,1.3121076416834123,0.746047656700164,-0.6399232311606436,-0.6399232311606436,-0.6399232311606436,3.7470093093888925,-0.6399232311606436,-0.6399232311606436,2.2829207705626904,-0.1322252160464857,0.5678261665746471,0.7307232950420942,-0.6399232311606436,-0.6399232311606436,-0.6399232311606436,-0.6399232311606436,-0.6399232311606436,-0.6399232311606436,-0.6399232311606436,1.7444259681895453,1.788232287485955,-0.6399232311606436,1.3494315173536986,0.9783856949246651,-0.6399232311606436,0.8644759383601983
0.0,-0.15630587313448904,-0.15630587313448904,-0.15630587313448904,-0.15630587313448904,-0.15630587313448904,6.555439528716266,-0.15630587313448904,-0.15630587313448904,-0.15630587313448904,-0.15630587313448904,-0.15630587313448904,-0.15630587313448904,-0.15630587313448904,-0.15630587313448904,-0.15630587313448904,-0.15630587313448904,-0.15630587313448904,-0.15630587313448904,-0.15630587313448904,-0.15630587313448904,-0.15630587313448904,-0.15630587313448904,-0.15630587313448904,-0.15630587313448904,-0.15630587313448904,-0.15630587313448904,-0.15630587313448904,-0.15630587313448904,-0.15630587313448904,-0.15630587313448904,-0.15630587313448904,-0.15630587313448904,-0.15630587313448904,-0.15630587313448904,-0.15630587313448904,-0.15630587313448904,-0.15630587313448904,-0.15630587313448904,0.009407142932274543,-0.15630587313448904,-0.15630587313448904,-0.15630587313448904,-0.15630587313448904,-0.15630587313448904
2.823529411764706,-0.5765721878464252,-0.40309932948488303,-0.9769734779021247,-0.0857789312416352,-1.3137536462604236,1.6455982057193865,-0.8018519122078721,-0.30489752826561156,-0.21359081365865684,-0.6757663506381649,-0.8351680133748074,0.23779246011576274,-0.464477272808149,-0.5822942523111315,-0.5752209566452543,0.21625212084568798,-0.45221648498909706,-0.38206536475394726,0.6263830717591102,1.1950180978792393,0.07228481476427438,-0.6376171122243318,-0.8303590100960201,1.2431360724195901,-1.1307054018395886,-1.19939473315251,0.02017620823838077,-0.2076411426115744,0.5053688498022453,0.36845804868931853,-0.6159367166942664,1.1765680380725811,-1.1232698756375397,-0.9062924875797999,0.3003646651384181,1.3219598032544833,-1.4243704588481292,1.6627460213416643,0.9624760441709299,-0.42226459950495193,-0.09370380482565437,1.0455747428987487,3.693842384921221,0.9412822153715124
2.7873303167420813,-0.04895468699968524,0.4598719120490438,-0.6460506203080479,0.3996904716655132,-1.2443148228243412,1.8672311623087168,-1.0258868588349148,-0.09456718619065434,0.22282618952477365,-1.027948930976323,-0.486141242727612,0.7364299349299204,-0.5239413007718956,-0.08485929033325537,-0.2968031538890789,-0.3605175250018501,0.15410090525992953,-0.5042756034517517,0.47300406649980226,0.012029819741231228,-0.9190315803235976,2.025814371479633,0.5441251957228315,3.283555393273845,-1.5448905597304305,-1.154750759052857,-0.1260989600076381,-0.27335248986645255,0.527470984066824,-0.20262384604843128,-1.3389354171046575,-0.02908891207074387,-0.7262590790660141,-0.4650735469778183,-0.6968056333429156,1.2654749042982996,-1.769683322272737,1.057097082811016,0.4977711165308827,0.3384452180728379,-0.5004088251597448,-0.09430260253012446,2.1303208813287653,0.19030714629971135
19.91818181818181,1.329848309837341,0.5174698545637204,0.2911609635122377,0.014684835319645555,2.4601860787488725,2.3571385911169016,1.0901011774893175,-0.31855270210552655,0.24436909691038142,0.5302839986624118,0.3558490355967908,-0.1681783103708666,-0.537211403342342,-0.8564407691537337,-0.862076038742772,-0.33280688372729395,0.8301288653303432,-0.46378171639133414,0.33434211053601137,-0.319066080767084,0.18192477114338304,1.628080941693708,0.9272517055191724,-0.7943801395125075,-1.2943851870618706,-2.747011301060904,0.4782395316102018,0.40423145877238675,-0.4193190071878616,-0.7005618046528876,-0.1344057597232345,0.11572448464889872,0.11760429417047936,-0.17643002311943193,-0.457489046923647,-0.5558153793127958,1.1912232898104358,-0.1275680133314375,-0.06044872467709034,0.1810157059357544,0.07537668195490778,-1.0783058641846304,-2.747011301060904,-0.5049903264731548
,-0.6504555272012305,-0.6504555272012305,-0.1756980407619714,-0.6504555272012305,-0.6504555272012305,-0.6504555272012305,0.32240525300594497,-0.6504555272012305,-0.6504555272012305,-0.6504555272012305,-0.03617212870092743,-0.6504555272012305,-0.03217187798307045,-0.6504555272012305,-0.6504555272012305,0.8608439238124317,0.7557504850650204,-0.6504555272012305,-0.6504555272012305,1.9297067333535427,-0.6504555272012305,-0.6504555272012305,1.5127902456944453,-0.6504555272012305,-0.6504555272012305,-0.6504555272012305,1.4493481014183602,0.9419156554963631,1.3833741793450909,1.3401024873581466,-0.6504555272012305,-0.6504555272012305,-0.6504555272012305,-0.6504555272012305,-0.6504555272012305,-0.6504555272012305,-0.6504555272012305,2.4799750765464306,1.8044227308507483,-0.6504555272012305,2.7949054701291294,-0.6504555272012305,-0.6504555272012305,0.8812564670047712
1.7254464285714286,1.367469171509051,-0.30466647926385254,-0.34140916482919365,-0.44600503321231894,-1.5233009712615329,0.7303246483440267,-1.0188000508614057,-1.2440916135732942,0.4658933591072939,-1.044937481268591,-0.7672133502160122,0.7409060479586739,0.8406713065894069,-0.6217991960358171,-0.5171747993158172,-0.11335256475679005,0.27726589513299965,0.017453990432597804,-0.29226750722322103,-0.5616413774351876,-1.3155133890172745,-0.6879013843966809,-0.4567172991986646,1.2868687104396688,-1.2970350532386572,-0.693621112485519,0.5002651379504923,1.1016039007617346,0.9798161067898575,0.2651998394376496,-1.5909651003160272,1.0684381593918704,-1.028888124787536,-0.7408062819796125,-0.5405639243263567,2.6669112976413456,-0.9642014112307632,1.6020606393956671,1.176315046423296,-0.7254997408540563,1.1094393045903688,0.3802116607770025,1.9163780195778808,0.34488016883331485
1.4263392857142858,1.2680232517963221,-0.5193011127365051,-0.09461063872419735,-0.09734878390248215,-1.6932395568138354,0.6123249059843454,-0.9816267145353085,-0.9601718226546829,0.9410762712436027,-0.8357722963333329,-0.514031994038046,0.34939466828373444,0.8707907883330896,-0.8878850391148617,-0.6247526945500402,0.11295412603877682,0.7955240200105935,0.26201816057504607,-0.7558420272941572,-0.10532937810920731,-0.8932830732681136,-0.2189415799524219,0.3334648664003843,1.0166476131273732,-1.6743725196898698,-1.644008440601629,0.36879870753231664,1.8759744804930816,0.8779890585473218,-0.7640499359355684,-1.552823872727239,1.8772917276109955,-0.5228578642881355,-0.8387259847618957,-0.2238369383960209,1.078535253732751,-0.812598863296445,1.770838495711149,1.0581856882307397,-0.6439879674537794,2.0412644163945455,-0.4421778956470685,1.1484104262904036,-0.3579299315117358
3.901996370235935,-0.4031075324755422,-0.5370827262916334,-0.7135214427819528,-0.789330397017646,-1.0400569938576054,-0.14137874852355178,-1.03729509005927,-1.0467953370439231,-0.6433906510894287,-0.9093133183168728,-0.8977801154068155,-0.23005653613896285,-0.28014266860158554,-0.42622023217287397,-0.27996075890226,0.24544273726797713,0.13799000663569766,0.16115662845251996,0.6894597935433727,0.871773344797234,-0.6475271956386839,-0.6338863883647944,0.12726692748853588,0.017988244797590463,-0.5015664978412471,-0.6845451341122771,0.735689030840823,0.638871885134218,0.6058044746136235,0.2536237262440026,-1.1291922917080452,-0.415249775313983,-0.9727524794567967,-0.6613470543421268,-0.865428374209463,1.3101244449585714,-1.114923021578615,1.7996702588775442,1.199096212428672,0.07008987162894866,1.7404395701054654,1.614519720541536,3.8286608732145075,0.9541830096751218
9.37300435413643,-0.3533340614569252,0.42881280770301594,-0.20440103307383262,0.2739872602890064,4.004712787858105,2.125005819906355,0.4480305365624167,-0.34703057114567193,-0.704220800991792,1.0015639183363811,0.6268297456027068,0.49793888128278946,-0.6069717826326458,-0.40633837025918285,-0.5842796013668254,-0.6101745452467275,-0.388198219901869,-0.4595746111678957,0.21028410841405018,-0.5670552631862904,1.9150119071921605,2.157571032264316,0.5434306226975641,0.18502212180106667,-1.080070017721458,-0.8454115082304532,-0.48344479678573277,-0.3348161496982197,-0.12611728805188593,-0.39152339805873976,-1.437642017470148,-1.437642017470148,0.1997276980820097,-0.6009184883923262,-0.1587367041385427,-0.5609099526531393,0.7461306429252198,-0.3907883014178984,-0.5664795411232174,0.11425077417045855,-0.273300256584776,-0.8445819937374331,0.17942307559862722,-0.8937724487224759
26.912361623616235,0.683243294896888,0.08600436171976307,0.2576418082597326,-1.457018884480211,2.9657324773800227,1.2994427442590377,0.7982438829782366,-0.3759649057336422,-0.20236065250897556,-0.03595605290446173,0.03708994290595031,0.08999551131135658,-0.7339512926366324,-0.15223694777118527,-0.4717290217029187,-0.6250573018197408,0.11790306394953635,-0.6523723825825641,0.5826356421826334,-0.5277667490373991,0.6439438403107354,0.8952936543395849,-0.5769420813386149,-0.8865119944119251,-2.8938226290124853,-1.3929181006731404,0.8122797126238464,-0.1880901607591519,-0.6264602501561609,-1.256990581312386,-0.15466267178308452,1.0337350189338683,-0.029230141015235127,-0.8213277630102315,-1.0815515006905652,0.4244821981801238,1.0628789694973324,0.27155678111107484,-0.5139401565703509,-0.0035221689784215417,0.31243353312505295,1.0040101475980618,2.586243959125194,-0.3044061537985122
0.0,0.13388340994109654,-0.07666933789430713,-0.5231745975155146,-0.5497408375175881,-0.5497408375175881,4.912996678137079,-0.5497408375175881,-0.5497408375175881,-0.5497408375175881,-0.5497408375175881,-0.5497408375175881,1.6204781659637504,-0.13403284878110294,-0.5497408375175881,-0.5497408375175881,-0.5255044097545974,0.12166522941416835,-0.34045770109489176,0.534862361958768,-0.35626984171587867,-0.5497408375175881,-0.5093854579014045,-0.4532470994854278,1.2397749905558997,-0.5497408375175881,-0.5497408375175881,0.37940003612835893,-0.2552635003018976,-0.5497408375175881,-0.5497408375175881,-0.5497408375175881,-0.5497408375175881,-0.5497408375175881,-0.5497408375175881,-0.5497408375175881,0.14120862625693734,-0.5497408375175881,1.0879321540002471,0.5446381409886458,0.8504226175802908,0.2444484058606263,0.09026403525963529,2.3551481005449277,-0.08830140779364593
0.0,0.0633769966239208,0.4155826805765385,-0.852326849941509,0.025577584559226544,-0.8851905837105696,3.5228389351691374,-0.4471369038771035,-0.18329497245763224,0.3221620270333792,-0.6998197959426316,-0.7442399945741861,0.7149577888958097,-0.24502144535090636,-0.7113328261367199,-0.6540465004774166,-0.13379590705244593,-0.4491672303533688,-0.5180055659738331,1.3427416416471627,0.06950631841600934,-0.9649016220073642,-0.12265251243292208,-0.6399321277402062,2.6078624467680527,-0.8634975550666453,-0.6331072295010508,0.4724496270931095,-0.4364108233227915,-0.7465700731389094,0.29425463359546417,-0.6742870542312273,-0.9857521374114019,-0.9314269549587965,-0.6351744520076287,1.6696191267724825,0.6986657932724215,-0.9857521374114019,2.3040575345849494,0.7186815046462736,-0.2060788326768386,-0.9275676932968735,0.01375884999556961,0.22190353853667608,0.7984927528661993
1.0940860215053765,-0.03277389933767163,0.24738030638598515,-0.8270346344973164,0.21976539189949612,-1.0534440798407472,3.6190323046851796,-0.7803161335837611,0.19371010822545423,0.4341271329002883,-0.5767218193635334,-0.5197786408631047,0.9934617517818112,-0.32600889453152837,-0.6383597948002984,-0.624471361288215,-0.34916957539958565,-0.2949005839841716,-0.579537203108166,1.1277936239830244,-0.1872816062969335,-1.0252285922209603,-0.04278434649302784,-0.558517342732099,2.634920802329581,-0.9618934840036609,-0.8019125564651485,0.13828055337736844,-0.5780664441931304,-0.6738093629007493,0.24192853010758256,-0.6299178469046152,-0.547408659282995,-1.01549697418795,-0.5303658774468549,0.755721414793373,0.8752592357339258,-1.3664539804082378,2.446933261805869,1.00759074785777,0.02312593358831526,-0.4962646871624713,-0.04199144139874707,0.6040606893470815,0.4968180338935747
0.0,-0.15249857033260467,-0.15249857033260467,-0.15249857033260467,-0.15249857033260467,-0.15249857033260467,-0.15249857033260467,-0.15249857033260467,-0.15249857033260467,-0.15249857033260467,-0.15249857033260467,-0.15249857033260467,-0.15249857033260467,-0.15249857033260467,-0.15249857033260467,-0.15249857033260467,-0.15249857033260467,-0.15249857033260467,-0.15249857033260467,-0.15249857033260467,-0.15249857033260467,-0.15249857033260467,-0.15249857033260467,-0.15249857033260467,-0.15249857033260467,-0.15249857033260467,-0.15249857033260467,-0.15249857033260467,-0.15249857033260467,-0.15249857033260467,-0.15249857033260467,-0.15249857033260467,-0.15249857033260467,-0.15249857033260467,-0.15249857033260467,-0.15249857033260467,-0.15249857033260467,-0.15249857033260467,-0.15249857033260467,-0.15249857033260467,-0.15249857033260467,-0.15249857033260467,6.5574385243019995,-0.15249857033260467,-0.15249857033260467
,-0.2386351452003182,-0.2386351452003182,-0.2386351452003182,-0.2386351452003182,-0.2386351452003182,-0.2386351452003182,-0.2386351452003182,-0.2386351452003182,-0.2386351452003182,-0.2386351452003182,-0.2386351452003182,-0.2386351452003182,-0.2386351452003182,-0.2386351452003182,-0.2386351452003182,-0.2386351452003182,-0.2386351452003182,-0.2386351452003182,0.8445790496542662,-0.2386351452003182,-0.2386351452003182,-0.2386351452003182,-0.2386351452003182,0.1615151907909088,-0.2386351452003182,-0.2386351452003182,-0.2386351452003182,-0.2386351452003182,6.122448674103721,1.8581914628299279,-0.2386351452003182,-0.2386351452003182,-0.2386351452003182,-0.2386351452003182,-0.2386351452003182,-0.2386351452003182,-0.2386351452003182,0.3200362854335873,-0.2386351452003182,-0.2386351452003182,-0.2386351452003182,-0.2386351452003182,-0.2386351452003182,-0.2386351452003182
,1.1510846760785662,-0.5677471471927585,-0.5677471471927585,0.05212462489531545,-0.5677471471927585,4.872358849922714,-0.5677471471927585,-0.5677471471927585,-0.5677471471927585,-0.1980787986896494,-0.5677471471927585,-0.5677471471927585,-0.5677471471927585,-0.5677471471927585,-0.4634934000334907,-0.08972294484806226,-0.5677471471927585,0.7669478534015047,-0.0885288668114711,-0.549060586670638,-0.5677471471927585,-0.5677471471927585,-0.5677471471927585,0.11984768144551966,-0.5677471471927585,-0.5677471471927585,-0.5677471471927585,1.29801058134649,0.4066427137017063,0.2536685202289109,-0.12044083393882492,1.8125804561770384,-0.5677471471927585,0.6831622549562085,-0.5677471471927585,0.5343882198768397,-0.5677471471927585,1.042332670398519,1.7961820622504299,-0.5677471471927585,-0.5677471471927585,0.03151107061067072,-0.5677471471927585,-0.25333241886484814
0.88,-0.4215903239585631,-0.5673389319199292,-0.6476212627473314,-1.0572936008220806,-1.204025876876472,-0.2975344539846714,-1.0787422114339063,-1.0952975131768277,-0.8934824100290673,-0.844786101549282,-0.8305205371549574,-0.631022886212192,-0.6219045031793249,-0.22517224547775797,-0.06323252974950115,0.462252699020932,0.35292804059953214,0.6170993962030575,0.9683807396544059,1.1673122399218514,-0.6666342902708721,-0.7957480519009065,0.44835460844677244,-0.053374841980595625,-0.3088600455335624,-0.5470989845686709,0.8539064395444947,0.9509127556880043,0.9865961752710063,0.3378749097784287,-1.0314997274198374,-1.204025876876472,-1.0071130876709584,-0.6032271997841325,-0.5499961564958229,1.1113039189426082,-1.141077876839836,1.6853342649963567,1.1200639707710935,0.0953414628019231,1.4472309836494217,1.4763221938141358,3.422178260760244,0.884828467749257
0.0,-0.5749577044005617,-0.3330402303423756,-0.7901780162507746,1.24565150329984,-0.9781602365536908,1.3175682913386437,-0.9710130782505269,-0.6579370046284592,0.15861858744183688,-0.8256002715857937,-0.9043120266138271,0.23853571346906194,-0.721468229021411,0.15308529018160202,0.051897139431699255,-0.28588399157523314,0.5426833775111671,-0.6977480206948933,0.745869457144867,-0.1885769124660583,-0.9562998474531216,-0.29744245730293006,-0.6698820555265286,3.079569246402362,-0.8199450750609526,-0.6473538233912557,0.46068207578070275,-0.7161736779397743,-0.17744368155212353,0.9158344385053396,-0.5362421392350173,-0.2571394776157463,-0.9781602365536908,-0.9341646829172088,-0.0024498105073577294,0.985778771767371,-0.9781602365536908,2.4718805186587196,1.1209557222640916,-0.9781602365536908,-0.6064642419080153,1.4813285903025595,2.244666228114923,0.26975245083991345
8.985915492957746,-0.76555722025082,-0.40002323347232605,-1.148536611244606,-0.2789729093906837,2.170525379182914,0.8578042300484017,-1.0283867998789031,-0.6379446820926403,-0.8232725198447073,-0.28472296656783536,-0.9234913467527006,-0.039108641204452115,-1.034424492358033,0.16832716383368856,0.13778338519992822,0.05945111006742193,-0.64410954074005,-0.42500292135511836,0.4996793549016905,1.4311967906916554,-0.4591991620587458,0.06254793421725358,-0.8444601534336919,-0.5802486776811953,-1.1213361328015088,-1.1956206879938736,0.08125575737507187,-0.2270374609177363,0.8814696235620902,0.9836394751931199,-1.575383050413285,2.310420085289435,0.2557200195466781,-0.3266145596963615,-0.46121517701128023,1.1845328858334458,-1.0425280088885012,2.1890603832596724,1.1492351784367574,0.5948294266658607,1.2150567338711045,1.5626829238369713,-1.575383050413285,0.04736216544918557
0.4043624161073825,-0.2930181134646586,-0.1624341453022853,-0.9686150845368771,0.3678713582750498,-0.9613124142004695,2.801214331375353,-1.1027831033574886,-0.5793674832384977,-0.5221653293479996,-0.8837232823606137,-0.8637006194927114,0.8495028639218077,-0.5342016653506232,-0.49487478005945884,-0.48425916036580163,-0.2228933789245592,-0.29707131929817143,-0.53130198819878,1.6595155843827654,0.18044524474250812,-1.0668538836839891,-0.38062892772814466,-0.8020280374024916,2.152615335368119,-0.8857678316473167,-0.7862720656452257,0.3469573201630332,-0.5606227059243307,-0.200336553128876,0.6166742338955592,-0.3702385694311084,-0.0357642287684142,-0.9233977620636009,-0.6081069051915415,0.028645576719294807,1.275639675865573,-1.1428150545665499,2.2118920798110735,1.1261580421007815,-0.31814526496948264,-0.5606895705713139,0.733968979985846,2.1772870899760566,1.0150015116385669
23.76716417910448,-0.2233606775466116,-0.3751732085814574,-0.9511492565981396,-0.7493019542028084,2.4620110490137717,2.4161469512198726,-0.009145490836777063,-0.09197851789633478,-0.5323048758935158,0.8036088271406076,0.3557578481742731,0.7718036155693824,-0.0766748690603225,-0.24229828076679796,-0.5396775830499504,-0.3859062779003687,-0.45625135022759516,0.22272030886561717,0.2509607493348239,0.17519292531777308,-0.26474715444312485,0.5031102462618523,-0.7345740953418002,-0.6484436291789651,-1.9353456924376253,-2.869409024566705,-0.3731342004471561,0.6853535515319783,-0.06400369415768925,0.038180327144645664,0.9847997375582226,1.0594078645925127,0.7471020988062047,0.21524672189152927,-0.27646982792174535,0.11219749968346371,-0.003877305723299451,0.7827550325440498,0.24198754834303646,0.5363672337512371,1.139911750600635,0.7001592736858233,-2.869409024566705,-0.5321451696858109
14.562189054726367,-0.057394292868159495,-0.23217792111457944,-0.17009820668464645,-0.30315851689452433,3.777910334438453,1.423119787631847,0.4897599868590969,0.24649467818574805,0.25651601438224564,1.545010374136891,1.2518862825527801,0.4807500612744168,1.1645445513830088,-0.8468254052479235,-0.987825281540979,-0.6916828803980006,-0.28570646354602874,-0.027621879838131837,0.25884183557626245,-0.9119547874246444,-0.1833566892072146,0.5440607440157883,-0.3022486120220265,-0.6742515311289765,-1.4439542931920588,-1.8601269374572453,-0.34689462163238916,0.9410978016806125,-0.7140672187928365,-1.0557749594864927,0.5838816579946374,0.3014619740929364,0.7974616865815026,0.40802738720082427,-0.014209061683089877,-0.884695846417032,0.9012678813120174,-0.834400665146933,-0.6692355258701389,0.9491218489523342,0.3677436363368943,-0.834167403202756,-1.8601269374572453,-0.4970025863342302
4.217105263157895,-0.19776273901317928,0.20734599107095517,-0.326866639678012,0.02826531362200162,6.137813825577424,1.141028694664598,-0.17493118281642178,0.10363160140979866,-0.17269689834186172,0.2943423201845384,-0.1760354083900974,0.3251492852638259,-0.40981215511433655,-0.2930807261818202,-0.3903124883659447,-0.3918232478646696,-0.2845211319290504,-0.35587330802830075,0.15204552312176195,-0.5424803097966333,0.1733265318697574,0.4067095245426901,-0.3742079613877035,-0.26590710877241797,-0.5708268224810299,-0.5259714856648493,-0.2551571770101532,-0.21573515761965753,-0.1388754123819298,-0.12994285104967768,-0.7583054374829964,-0.7583054374829964,0.5815723437225364,-0.34468921738425085,0.14223095262228422,-0.3186933927544671,0.004195646007994595,-0.3819386917706454,-0.3053542263903051,0.19978360234828108,-0.1818375426396877,-0.19721039395274437,0.010565053733858227,-0.4688516580164687
0.0,-0.38881721086719767,-0.23457828744780704,-0.6163389541559574,0.8583526408826189,-0.6163389541559574,2.951273748358749,-0.6163389541559574,-0.44333777489791343,-0.537729336385679,-0.6163389541559574,-0.6163389541559574,0.5313038919529587,-0.6163389541559574,-0.5516415644175137,-0.4504807129537829,-0.3553858598284828,-0.5541925026405908,-0.6163389541559574,2.2858453361174758,0.1634498364180866,-0.6163389541559574,-0.5277654720180798,-0.6163389541559574,2.151197854454865,-0.6163389541559574,-0.6163389541559574,-0.429962971246345,-0.6163389541559574,-0.4069583169022043,-0.028741138548142885,-0.6163389541559574,-0.6163389541559574,-0.6163389541559574,-0.6163389541559574,-0.21674909201817874,1.5244724655139246,-0.6163389541559574,2.873594499275648,0.5555095340639222,-0.5870362883787389,-0.6163389541559574,0.4176764669668031,1.8486947812891106,0.6461066480637272
0.175,-0.046249994571704436,-0.03548496199306562,-0.6052506702857124,-0.18757822535988053,1.9453316444695967,4.506252838038372,-0.6052506702857124,-0.32921753865337916,-0.5739499424553884,-0.6052506702857124,-0.6052506702857124,1.5392187728442988,-0.3739915085791833,-0.6052506702857124,-0.6052506702857124,-0.6052506702857124,-0.5684125048663219,-0.6052506702857124,0.791423726596298,-0.6052506702857124,-0.6052506702857124,-0.1465154840170426,-0.6052506702857124,1.3951300366594868,-0.6052506702857124,-0.6052506702857124,0.013859038416360839,-0.6052506702857124,0.017359119801223483,0.39469695706594177,-0.6052506702857124,-0.6052506702857124,-0.6052506702857124,-0.6052506702857124,-0.4441741489103244,1.4571436959825141,-0.6052506702857124,0.8914257939078329,0.43191966588177055,-0.3209156667294718,-0.6052506702857124,0.17286802696109574,1.7489558025833716,-0.17408173735815774
